Workbook
Name ACTION: #REF!

Sheet Test Report
A1: TEST REPORT
B2: version: | C2: 4
B3: Note: | C3: done
B4: Date | C4: 46059
B7: No | C7: Module code | D7: Pass | E7: Fail | F7: Pending | G7: Number of test cases
B8: 1 | C8: CR101 - Chức năng Quản lý Sản phẩm | D8: =COUNTIF('Chức năng Quản lý Sản phẩm '!I:I,"Pass") -> 60 | E8: =COUNTIF('Chức năng Quản lý Sản phẩm '!I:I,"Fail") -> 58 | F8: =COUNTIF('Chức năng Quản lý Sản phẩm '!I:I,"Pending") -> 0 | G8: =SUM(D8:F8) -> 118
B9: 2 | C9: CR102 - Chức năng Giỏ hàng | D9: =COUNTIF('Chức năng giỏ hàng'!I:I,"Pass") -> 67 | E9: =COUNTIF('Chức năng giỏ hàng'!I:I,"Fail") -> 13 | F9: =COUNTIF('Chức năng giỏ hàng'!I:I,"Pending") -> 0 | G9: =SUM(D9:F9) -> 80
B10: 3 | C10: CR103 - Chức năng Quản lý tài khoản | D10: =COUNTIF('Chức năng Quản lý tài khoản'!I:I,"Pass") -> 44 | E10: =COUNTIF('Chức năng Quản lý tài khoản'!I:I,"Fail") -> 23 | F10: =COUNTIF('Chức năng Quản lý tài khoản'!I:I,"Pending") -> 3 | G10: =SUM(D10:F10) -> 70
B11: 4 | C11: CR104 | D11: =COUNTIF('Chức năng thanh toán'!G:G,"Pass") -> 47 | E11: =COUNTIF('Chức năng thanh toán'!G:G,"Fail") -> 23 | F11: =COUNTIF('Chức năng thanh toán'!G:G,"Pending") -> 0 | G11: =SUM(D11:F11) -> 70
B12: 5 | C12: CR105 -chức năng Báo cáo thống kê | D12: =COUNTIF('chức năng Báo cáo thống kê'!I:I,"Pass") -> 43 | E12: =COUNTIF('chức năng Báo cáo thống kê'!I:I,"Fail") -> 37 | F12: =COUNTIF('chức năng Báo cáo thống kê'!I:I,"Pending") -> 0 | G12: =COUNTIF('chức năng Báo cáo thống kê'!I:I,"Pass")+COUNTIF('chức năng Báo cáo thống kê'!I:I,"Fail") -> 80
C13: Sub total | D13: =SUM(D8:D12) -> 261 | E13: =SUM(E8:E12) -> 154 | F13: =SUM(F8:F12) -> 3 | G13: =SUM(G8:G12) -> 418
C15: Test coverage | E15: =(D13+E13)*100/G13 -> 99.282297 | F15: %
C16: Test successful coverage | E16: =D13*100/G13 -> 62.440191 | F16: %

Sheet chức năng Báo cáo thống kê
A1: TEST CASE
A3: System Name： | B3: Nupakachi Shop - Online Shopping Website
A4: Module Code： | B4: CR500 - Reporting & System Reliability
A5: Test requirement: | B5: CR5 - Báo cáo doanh thu, báo cáo thống kê, Reliability, Performance, Endurance
A6: Pass | B6: =COUNTIF(I12:I98,"Pass") -> 43 | C6: Pending | D6: =COUNTIF(I12:I86,"Pending") -> 0 | H6: By: Nguyễn Thị Thùy Dương
A7: Fail | B7: =COUNTIF(I12:I98,"Fail") -> 37 | C7: Number of test cases: | D7: =COUNTIF(A12:A98,"*TC*") -> 80
A9: ID | B9: Test Case Description | C9: Test Case Procedure | D9: Expected Output | H9: Test date | I9: Result | J9: Note | K9: BUG ID | L9: Tester
A11: 1. UNIT TEST CASES - RevenueService / StatisticsService / ReportService
A12: TC01 | B12: Unit Test - Tính tổng doanh thu hợp lệ | C12: 1. Chuẩn bị dữ liệu kiểm thử_ danh sách đơn hàng đã thanh toán 2.Thực thi gọi RevenueService.CalculateTotalRevenue(). 3.trả về tổng doanh thu . | D12: Tổng doanh thu bằng tổng tiền của các đơn hàng đã thanh toán. | H12: =DATEVALUE("05/19/2026") -> 46161 | I12: Pass | L12: Nguyễn Thị Thùy Dương
A13: TC02 | B13: Unit Test - Không tính đơn hàng đã hủy | C13: 1.chuẩn bị danh sách gồm đơn đã thanh toán và đơn đã hủy. 2. gọi hàm tính tổng doanh thu. 3. trả về kết quả. | D13: Doanh thu chỉ tính đơn đã thanh toán, bỏ qua đơn đã hủy. | H13: =DATEVALUE("05/19/2026") -> 46161 | I13: Pass | L13: Nguyễn Thị Thùy Dương
A14: TC03 | B14: Unit Test - Doanh thu khi không có dữ liệu | C14: 1. chuẩn bị danh sách đơn hàng rỗng. 2. thực hiện gọi hàm tính doanh thu. 3.trả về kết quả. | D14: Hệ thống trả về 0, không phát sinh exception. | H14: =DATEVALUE("05/19/2026") -> 46161 | I14: Pass | L14: Nguyễn Thị Thùy Dương
A15: TC04 | B15: Unit Test - Validate khoảng ngày hợp lệ | C15: 1. chọn FromDate nhỏ hơn hoặc bằng ToDate. 2. gọi ReportService.ValidateDateRange(). 3. kết quả. | D15: Validate trả về true hoặc không có lỗi. | H15: =DATEVALUE("05/19/2026") -> 46161 | I15: Pass | L15: Nguyễn Thị Thùy Dương
A16: TC05 | B16: Unit Test - Validate ngày bắt đầu lớn hơn ngày kết thúc | C16: 1. chọn FromDate > ToDate. 2. gọi ValidateDateRange(). 3. kết quả trả về. | D16: Hệ thống trả về lỗi ngày bắt đầu không được lớn hơn ngày kết thúc. | H16: =DATEVALUE("05/19/2026") -> 46161 | I16: Pass | L16: Nguyễn Thị Thùy Dương
A17: TC06 | B17: Unit Test - Validate ngày tương lai | C17: 1. chọn ToDate lớn hơn ngày hiện tại. 2. gọi ValidateDateRange(). 3. kết quả trả về. | D17: Hệ thống trả về lỗi không cho chọn ngày sau ngày hiện tại. | H17: =DATEVALUE("05/19/2026") -> 46161 | I17: Pass | L17: Nguyễn Thị Thùy Dương
A18: TC07 | B18: Unit Test - Đếm số đơn hàng | C18: 1. chuẩn bị danh sách đơn hàng theo trạng thái. 2. gọi StatisticsService.CountOrders(). 3. số lượng. | D18: Số đơn hàng trả về đúng theo dữ liệu đầu vào. | H18: =DATEVALUE("05/19/2026") -> 46161 | I18: Pass | L18: Nguyễn Thị Thùy Dương
A19: TC08 | B19: Unit Test - Đếm đơn hàng theo trạng thái | C19: 1. danh sách đơn hàng: Chờ xác nhận, Đã giao, Đã hủy. 2. gọi CountOrdersByStatus(). 3. kết quả từng nhóm. | D19: Số đơn theo từng trạng thái chính xác. | H19: =DATEVALUE("05/19/2026") -> 46161 | I19: Pass | L19: Nguyễn Thị Thùy Dương
A20: TC09 | B20: Unit Test - Lấy top sản phẩm bán chạy | C20: 1. danh sách chi tiết đơn hàng có số lượng bán. 2. gọi GetTopSellingProducts(). 3. kết quả thứ tự. | D20: Sản phẩm bán nhiều nhất đứng đầu danh sách. | H20: =DATEVALUE("05/19/2026") -> 46161 | I20: Pass | L20: Nguyễn Thị Thùy Dương
A21: TC10 | B21: Unit Test - Top sản phẩm khi trùng số lượng bán | C21: 1.danh sách 2 sản phẩm có cùng số lượng bán. 2. lấy top sản phẩm. 3. kết quả. | D21: Hệ thống vẫn trả về danh sách hợp lệ, không lỗi sắp xếp. | H21: =DATEVALUE("05/19/2026") -> 46161 | I21: Pass | L21: Nguyễn Thị Thùy Dương
A22: TC11 | B22: Unit Test - Thống kê tồn kho hợp lệ | C22: 1. danh sách sản phẩm có SOLUONGTON. 2. gọi GetInventoryStatistics(). 3. kết quả. | D22: Số lượng tồn kho hiển thị đúng, không có số âm. | H22: =DATEVALUE("05/19/2026") -> 46161 | I22: Pass | L22: Nguyễn Thị Thùy Dương
A23: TC12 | B23: Unit Test - Tồn kho âm không hợp lệ | C23: 1. sản phẩm có SOLUONGTON = -1. 2. gọi validate tồn kho. 3. kết quả. | D23: Hệ thống trả về lỗi số lượng tồn kho phải >= 0. | H23: =DATEVALUE("05/19/2026") -> 46161 | I23: Pass | L23: Nguyễn Thị Thùy Dương
... A26: TC15 | B26: Unit Test - Xuất báo cáo không có dữ liệu | C26: 1. danh sách báo cáo rỗng. 2. gọi ReportService.ExportReport(). 3. file/kết quả. | D26: Hệ thống trả về file rỗng có header hoặc thông báo không có dữ liệu, không lỗi. | H26: =DATEVALUE("05/19/2026") -> 46161 | I26: Pass | L26: Nguyễn Thị Thùy Dương
A27: 2. POSTMAN API TEST CASES - Report APIs
A28: TC16 | B28: API - Lấy báo cáo doanh thu hợp lệ | C28: 1. Gửi GET /api/reports/revenue với fromDate/toDate hợp lệ. 2. Kiểm tra status code. 3. Kiểm tra body response. | D28: Status 200, trả về tổng doanh thu và danh sách dữ liệu đúng định dạng JSON. | H28: =DATEVALUE("05/19/2026") -> 46161 | I28: Fail | J28: API /api/ chưa tồn tại hoặc chưa được deploy. Hiện hệ thống chỉ có trang web /Admin/BaocaoThongKe. | K28: BUG1_BaoCaovaThongKe | L28: Nguyễn Thị Thùy Dương
A29: TC17 | B29: API - Revenue thiếu fromDate | C29: 1. Gửi GET /api/reports/revenue chỉ có toDate. 2. Kiểm tra status và message. | D29: Status 400, thông báo thiếu tham số fromDate. | H29: =DATEVALUE("05/19/2026") -> 46161 | I29: Fail | J29: API /api/ chưa tồn tại hoặc chưa được deploy. Hiện hệ thống chỉ có trang web /Admin/BaocaoThongKe. | K29: BUG2_BaoCaovaThongKe | L29: Nguyễn Thị Thùy Dương
A30: TC18 | B30: API - Revenue ngày không hợp lệ | C30: 1. Gửi fromDate = 2026-05-30, toDate = 2026-05-01. 2. Kiểm tra response. | D30: Status 400, báo lỗi ngày bắt đầu không được lớn hơn ngày kết thúc. | H30: =DATEVALUE("05/19/2026") -> 46161 | I30: Fail | J30: Không thể validate fromDate > toDate nếu endpoint không tồn tại | K30: BUG3_BaoCaovaThongKe | L30: Nguyễn Thị Thùy Dương
A31: TC19 | B31: API - Revenue ngày tương lai | C31: 1. Gửi toDate lớn hơn ngày hiện tại. 2. Kiểm tra response. | D31: Status 400, báo lỗi không được chọn ngày sau ngày hiện tại. | H31: =DATEVALUE("05/19/2026") -> 46161 | I31: Fail | J31: Không thể validate ngày tương lai nếu endpoint không tồn tại | K31: BUG4_BaoCaovaThongKe | L31: Nguyễn Thị Thùy Dương
A32: TC20 | B32: API - Revenue không có token | C32: 1. Gửi request không có Authorization header. 2. Kiểm tra status. | D32: Status 401 Unauthorized. | H32: =DATEVALUE("05/19/2026") -> 46161 | I32: Fail | J32: Không thể test auth/token trên revenue API nếu endpoint không tồn tại | K32: BUG5_BaoCaovaThongKe | L32: Nguyễn Thị Thùy Dương
A33: TC21 | B33: API - Revenue token sai | C33: 1. Gửi Authorization: Bearer invalid_token. 2. Kiểm tra status. | D33: Status 401 Unauthorized hoặc 403 Forbidden. | H33: =DATEVALUE("05/19/2026") -> 46161 | I33: Fail | J33: Không thể test token sai nếu revenue API không tồn tại | K33: BUG6_BaoCaovaThongKe | L33: Nguyễn Thị Thùy Dương
A34: TC22 | B34: API - Lấy thống kê đơn hàng | C34: 1. Gửi GET /api/reports/orders với token hợp lệ. 2. Kiểm tra dữ liệu thống kê. | D34: Status 200, trả về số đơn theo trạng thái chính xác. | H34: =DATEVALUE("05/19/2026") -> 46161 | I34: Fail | J34: Đang gọi sai loại endpoint hoặc API /api/reports/top-products chưa tồn tại/chưa được deploy. | K34: BUG7_BaoCaovaThongKe | L34: Nguyễn Thị Thùy Dương
A35: TC23 | B35: API - Orders không có dữ liệu | C35: 1. Gửi request với khoảng ngày không có đơn hàng. 2. Kiểm tra response. | D35: Status 200, data là mảng rỗng hoặc tổng đơn = 0. | H35: =DATEVALUE("05/19/2026") -> 46161 | I35: Fail | J35: Trang hiển thị trạng thái không có dữ liệu | K35: BUG8_BaoCaovaThongKe | L35: Nguyễn Thị Thùy Dương
A36: TC24 | B36: API - Lấy sản phẩm bán chạy | C36: 1. Gửi GET /api/reports/top-products. 2. Kiểm tra thứ tự sản phẩm. | D36: Status 200, sản phẩm được sắp xếp giảm dần theo số lượng bán. | H36: =DATEVALUE("05/19/2026") -> 46161 | I36: Fail | J36: Đang gọi sai loại endpoint hoặc API /api/reports/top-products chưa tồn tại/chưa được deploy. | K36: BUG9_BaoCaovaThongKe | L36: Nguyễn Thị Thùy Dương
A37: TC25 | B37: API - Top products giới hạn top=5 | C37: 1. Gửi GET /api/reports/top-products?top=5. 2. Kiểm tra số lượng item. | D37: Status 200, trả về tối đa 5 sản phẩm. | H37: =DATEVALUE("05/19/2026") -> 46161 | I37: Fail | J37: API endpoint không tồn tại, hệ thống trả về 404 Not Found. | K37: BUG10_BaoCaovaThongKe | L37: Nguyễn Thị Thùy Dương
A38: TC26 | B38: API - Top products top không hợp lệ | C38: 1. Gửi top=-1 hoặc top=abc. 2. Kiểm tra response. | D38: Status 400, báo lỗi tham số top không hợp lệ. | H38: =DATEVALUE("05/19/2026") -> 46161 | I38: Fail | J38: Top products với top không hợp lệ không được xử lý thành công | K38: BUG11_BaoCaovaThongKe | L38: Nguyễn Thị Thùy Dương
A39: TC27 | B39: API - Lấy thống kê tồn kho | C39: 1. Gửi GET /api/reports/inventory. 2. Kiểm tra dữ liệu tồn kho. | D39: Status 200, trả về mã sản phẩm, tên sản phẩm, số lượng tồn. | H39: =DATEVALUE("05/19/2026") -> 46161 | I39: Fail | J39: API /api/ chưa tồn tại hoặc chưa được deploy. Hiện hệ thống chỉ có trang web /Admin/BaocaoThongKe. | K39: BUG12_BaoCaovaThongKe | L39: Nguyễn Thị Thùy Dương
... A42: TC30 | B42: API - Xuất báo cáo PDF | C42: 1. Gửi GET /api/reports/export?type=pdf. 2. Kiểm tra header và file. | D42: Status 200, Content-Type đúng, file PDF tải được. | H42: =DATEVALUE("05/19/2026") -> 46161 | I42: Fail | J42: Phải có chức năng xuất PDF | K42: BUG15_BaoCaovaThongKe | L42: Nguyễn Thị Thùy Dương
A43: 3. SELENIUM UI TEST CASES - Report & Statistics Page
A44: TC31 | B44: Selenium UI - Mở trang báo cáo thống kê | C44: 1. Mở Chrome. 2. Đăng nhập tài khoản Nhân viên/Admin. 3. Click menu Báo cáo thống kê. | D44: Trang Báo cáo thống kê hiển thị, không lỗi trắng trang. | H44: =DATEVALUE("05/31/2026") -> 46173 | I44: Fail | K44: BUG16_BaoCaovaThongKe | L44: Nguyễn Thị Thùy Dương
A45: TC32 | B45: Selenium UI - Hiển thị báo cáo doanh thu theo tháng | C45: 1. Vào trang Báo cáo. 2. Chọn tháng cần xem. 3. Nhấn nút Xem báo cáo. | D45: Bảng và biểu đồ doanh thu theo tháng hiển thị đúng. | H45: =DATEVALUE("05/31/2026") -> 46173 | I45: Fail | K45: BUG17_BaoCaovaThongKe | L45: Nguyễn Thị Thùy Dương
A46: TC33 | B46: Selenium UI - Lọc báo cáo theo ngày hợp lệ | C46: 1. Nhập FromDate và ToDate hợp lệ. 2. Click nút Lọc. 3. Quan sát dữ liệu. | D46: Chỉ hiển thị dữ liệu trong khoảng ngày đã chọn. | H46: =DATEVALUE("05/31/2026") -> 46173 | I46: Fail | K46: BUG18_BaoCaovaThongKe | L46: Nguyễn Thị Thùy Dương
A47: TC34 | B47: Selenium UI - Lọc ngày bắt đầu lớn hơn ngày kết thúc | C47: 1. Nhập FromDate > ToDate. 2. Click Lọc. 3. Kiểm tra thông báo. | D47: Hiển thị lỗi ngày bắt đầu không được lớn hơn ngày kết thúc. | H47: =DATEVALUE("05/31/2026") -> 46173 | I47: Fail | K47: BUG19_BaoCaovaThongKe | L47: Nguyễn Thị Thùy Dương
A48: TC35 | B48: Selenium UI - Lọc ngày tương lai | C48: 1. Nhập ToDate sau ngày hiện tại. 2. Click Lọc. | D48: Hiển thị thông báo không được chọn ngày sau ngày hiện tại. | H48: =DATEVALUE("05/31/2026") -> 46173 | I48: Fail | K48: BUG20_BaoCaovaThongKe | L48: Nguyễn Thị Thùy Dương
A49: TC36 | B49: Selenium UI - Tìm kiếm dữ liệu thống kê | C49: 1. Nhập keyword sản phẩm vào ô tìm kiếm. 2. Click Search hoặc Enter. | D49: Danh sách thống kê chỉ hiển thị kết quả phù hợp keyword. | H49: =DATEVALUE("05/31/2026") -> 46173 | I49: Pass | L49: Nguyễn Thị Thùy Dương
A50: TC37 | B50: Selenium UI - Tìm kiếm không có kết quả | C50: 1. Nhập keyword không tồn tại. 2. Nhấn Search. | D50: Hiển thị thông báo Không có dữ liệu, không lỗi giao diện. | H50: =DATEVALUE("05/31/2026") -> 46173 | I50: Pass | L50: Nguyễn Thị Thùy Dương
A51: TC38 | B51: Selenium UI - Xem biểu đồ doanh thu | C51: 1. Vào trang Báo cáo doanh thu. 2. Quan sát khu vực chart. | D51: Biểu đồ hiển thị đầy đủ trục, nhãn, dữ liệu. | H51: =DATEVALUE("05/31/2026") -> 46173 | I51: Fail | K51: BUG21_BaoCaovaThongKe | L51: Nguyễn Thị Thùy Dương
A52: TC39 | B52: Selenium UI - Tooltip biểu đồ doanh thu | C52: 1. Hover chuột vào cột/điểm trên biểu đồ. 2. Quan sát tooltip. | D52: Tooltip hiển thị ngày/tháng và doanh thu tương ứng. | H52: =DATEVALUE("05/31/2026") -> 46173 | I52: Pass | L52: Nguyễn Thị Thùy Dương
A53: TC40 | B53: Selenium UI - Xuất Excel từ giao diện | C53: 1. Chọn khoảng ngày. 2. Click Export Excel. 3. Kiểm tra file tải về. | D53: File Excel được tải về thành công, không lỗi font tiếng Việt. | H53: =DATEVALUE("05/31/2026") -> 46173 | I53: Fail | K53: BUG22_BaoCaovaThongKe | L53: Nguyễn Thị Thùy Dương
A54: TC41 | B54: Selenium UI - Xuất PDF từ giao diện | C54: 1. Chọn khoảng ngày. 2. Click Export PDF. 3. Kiểm tra file tải về. | D54: File PDF được tải về thành công, mở được. | H54: =DATEVALUE("05/31/2026") -> 46173 | I54: Pass | L54: Nguyễn Thị Thùy Dương
A55: TC42 | B55: Selenium UI - Phân trang dữ liệu báo cáo | C55: 1. Vào trang báo cáo có nhiều dòng. 2. Click trang 2. 3. Click Next/Previous. | D55: Phân trang hoạt động đúng, không mất dữ liệu. | H55: =DATEVALUE("05/31/2026") -> 46173 | I55: Pass | L55: Nguyễn Thị Thùy Dương
A56: TC43 | B56: Selenium UI - Large data loading | C56: 1. Chọn khoảng ngày 6 tháng hoặc 1 năm. 2. Click Lọc. 3. Chờ dữ liệu tải. | D56: Hiển thị loading khi chờ, dữ liệu lớn tải thành công. | H56: =DATEVALUE("05/31/2026") -> 46173 | I56: Fail | K56: BUG23_BaoCaovaThongKe | L56: Nguyễn Thị Thùy Dương
A57: TC44 | B57: Selenium UI - Responsive trên màn hình mobile | C57: 1. Mở DevTools responsive 390x844. 2. Vào trang Báo cáo. 3. Quan sát layout. | D57: Giao diện không vỡ, bảng/biểu đồ có thể xem hoặc cuộn ngang hợp lý. | H57: =DATEVALUE("05/31/2026") -> 46173 | I57: Fail | K57: BUG24_BaoCaovaThongKe | L57: Nguyễn Thị Thùy Dương
A58: TC45 | B58: Selenium UI - User không đăng nhập truy cập báo cáo | C58: 1. Logout. 2. Truy cập trực tiếp URL /reports. 3. Quan sát hệ thống. | D58: Hệ thống chuyển về trang Login hoặc báo không có quyền. | H58: =DATEVALUE("05/31/2026") -> 46173 | I58: Pass | K58: BUG24_BaoCaovaThongKe | L58: Nguyễn Thị Thùy Dương
A59: 4. PERFORMANCE TEST CASES - Load / Stress / Response Time / Throughput
A60: TC46 | B60: Performance - Load test 50 users xem báo cáo | C60: 1. Dùng JMeter tạo 50 users. 2. Gọi trang/API báo cáo trong 5 phút. 3. Ghi nhận metrics. | D60: Average response time <= 3 giây, error rate < 1%. | H60: =DATEVALUE("05/25/2026") -> 46167 | I60: Pass | L60: Nguyễn Thị Thùy Dương
A61: TC47 | B61: Performance - Load test 200 users lọc báo cáo | C61: 1. Tạo 200 users đồng thời. 2. Mỗi user gửi request lọc báo cáo. 3. Theo dõi response. | D61: Hệ thống xử lý được tải, không crash, error rate < 1%. | H61: =DATEVALUE("05/25/2026") -> 46167 | I61: Pass | L61: Nguyễn Thị Thùy Dương
A62: TC48 | B62: Performance - Concurrent 500 users | C62: 1. Tạo 500 users đồng thời theo SRS. 2. Mỗi user xem báo cáo/thống kê. 3. Theo dõi server. | D62: Hệ thống hỗ trợ 500 users đồng thời, response time phù hợp tiêu chí. | H62: =DATEVALUE("05/25/2026") -> 46167 | I62: Pass | L62: Nguyễn Thị Thùy Dương
A63: TC49 | B63: Performance - Response time API revenue | C63: 1. Gửi 100 request đến /api/reports/revenue. 2. Đo response time trung bình. | D63: Response time trung bình < 3 giây. | H63: =DATEVALUE("05/25/2026") -> 46167 | I63: Pass | L63: Nguyễn Thị Thùy Dương
A64: TC50 | B64: Performance - Throughput API báo cáo | C64: 1. Dùng JMeter gửi request liên tục trong 5 phút. 2. Ghi nhận throughput. | D64: Throughput ổn định, không giảm bất thường trong quá trình test. | H64: =DATEVALUE("05/25/2026") -> 46167 | I64: Pass | L64: Nguyễn Thị Thùy Dương
A65: TC51 | B65: Performance - Stress test tăng tải dần | C65: 1. Ramp-up từ 50 lên 100, 200, 500, 700 users. 2. Theo dõi điểm nghẽn. | D65: Xác định được ngưỡng chịu tải, hệ thống không mất dữ liệu. | H65: =DATEVALUE("05/25/2026") -> 46167 | I65: Fail | K65: BUG26_BaoCaovaThongKe | L65: Nguyễn Thị Thùy Dương
A66: TC52 | B66: Performance - Export Excel dữ liệu lớn | C66: 1. Chuẩn bị báo cáo khoảng 10.000 dòng. 2. Click Export Excel. 3. Đo thời gian. | D66: File xuất thành công, thời gian trong ngưỡng chấp nhận, không timeout. | H66: =DATEVALUE("05/25/2026") -> 46167 | I66: Fail | K66: BUG27_BaoCaovaThongKe | L66: Nguyễn Thị Thùy Dương
A67: TC53 | B67: Performance - Tải biểu đồ dữ liệu 12 tháng | C67: 1. Chọn xem báo cáo theo năm. 2. Đo thời gian render chart. | D67: Biểu đồ render hoàn chỉnh trong <= 3 giây. | H67: =DATEVALUE("05/25/2026") -> 46167 | I67: Fail | K67: BUG28_BaoCaovaThongKe | L67: Nguyễn Thị Thùy Dương
A68: TC54 | B68: Performance - Database timeout khi lọc dữ liệu lớn | C68: 1. Gửi request lọc khoảng thời gian rất dài. 2. Theo dõi response. | D68: Nếu quá tải, hệ thống trả thông báo lỗi thân thiện, không treo trang. | H68: =DATEVALUE("05/25/2026") -> 46167 | I68: Fail | K68: BUG29_BaoCaovaThongKe | L68: Nguyễn Thị Thùy Dương
A69: TC55 | B69: Performance - Error rate dưới tải thường | C69: 1. Chạy 100 users trong 10 phút. 2. Tổng hợp số request lỗi. | D69: Error rate < 1% theo tiêu chí Test Plan. | H69: =DATEVALUE("05/25/2026") -> 46167 | I69: Pass | K69: BUG30_BaoCaovaThongKe | L69: Nguyễn Thị Thùy Dương
A70: 5. RELIABILITY / ENDURANCE TEST CASES
A71: TC56 | B71: Reliability - Chạy hệ thống liên tục 24 giờ | C71: 1. Dùng JMeter chạy request báo cáo liên tục 24 giờ. 2. Monitor log, CPU, RAM. | D71: Hệ thống hoạt động ổn định, không crash, không lỗi nghiêm trọng. | H71: =DATEVALUE("06/1/2026") -> 46174 | I71: Fail | K71: BUG31_BaoCaovaThongKe | L71: Nguyễn Thị Thùy Dương
A72: TC57 | B72: Reliability - Kiểm tra memory leak | C72: 1. Chạy 50 users liên tục 4 giờ. 2. Ghi nhận RAM mỗi 30 phút. | D72: Memory không tăng liên tục bất thường, không có dấu hiệu memory leak. | H72: =DATEVALUE("06/1/2026") -> 46174 | I72: Fail | K72: BUG32_BaoCaovaThongKe | L72: Nguyễn Thị Thùy Dương
A73: TC58 | B73: Reliability - Long session testing | C73: 1. Đăng nhập Admin. 2. Mở trang báo cáo trong 2 giờ. 3. Thao tác lọc lại dữ liệu. | D73: Session xử lý đúng: còn hiệu lực hoặc yêu cầu đăng nhập lại rõ ràng. | H73: =DATEVALUE("06/1/2026") -> 46174 | I73: Pass | L73: Nguyễn Thị Thùy Dương
A74: TC59 | B74: Reliability - Repeated report export 100 lần | C74: 1. Tự động click Export Excel 100 lần. 2. Kiểm tra số file xuất thành công. | D74: 100 lần export không làm crash hệ thống, file tải đúng. | H74: =DATEVALUE("06/1/2026") -> 46174 | I74: Pass | L74: Nguyễn Thị Thùy Dương
A75: TC60 | B75: Reliability - Continuous API requests | C75: 1. Gửi request /api/reports/revenue liên tục trong 6 giờ. 2. Theo dõi response. | D75: API phản hồi ổn định, không tăng lỗi theo thời gian. | H75: =DATEVALUE("06/1/2026") -> 46174 | I75: Fail | K75: BUG33_BaoCaovaThongKe | L75: Nguyễn Thị Thùy Dương
A76: TC61 | B76: Reliability - Kết nối database bị gián đoạn | C76: 1. Giả lập database unavailable. 2. Gọi API báo cáo. 3. Khôi phục database. | D76: Hệ thống báo lỗi phù hợp và phục hồi sau khi database hoạt động lại. | H76: =DATEVALUE("06/1/2026") -> 46174 | I76: Fail | K76: BUG34_BaoCaovaThongKe | L76: Nguyễn Thị Thùy Dương
A77: TC62 | B77: Reliability - Log file không bị đầy ổ đĩa | C77: 1. Chạy request báo cáo liên tục 4 giờ. 2. Kiểm tra dung lượng log. | D77: Log được ghi hợp lý, không làm đầy ổ đĩa. | H77: =DATEVALUE("06/1/2026") -> 46174 | I77: Fail | K77: BUG35_BaoCaovaThongKe | L77: Nguyễn Thị Thùy Dương
A78: TC63 | B78: Reliability - Dữ liệu báo cáo nhất quán sau endurance | C78: 1. Ghi nhận số liệu doanh thu trước test. 2. Chạy endurance 4 giờ. 3. So sánh lại dữ liệu. | D78: Dữ liệu báo cáo không bị sai lệch sau quá trình chạy lâu. | H78: =DATEVALUE("06/1/2026") -> 46174 | I78: Pass | L78: Nguyễn Thị Thùy Dương
A79: 6. TEST DATA CASES
A80: TC64 | B80: Test Data - Valid data cho báo cáo doanh thu | C80: 1. Chuẩn bị đơn hàng đã thanh toán, sản phẩm hợp lệ, ngày hợp lệ. 2. Chạy báo cáo. | D80: Báo cáo hiển thị đúng doanh thu, đơn hàng, sản phẩm bán chạy. | H80: =DATEVALUE("06/1/2026") -> 46174 | I80: Pass | L80: Nguyễn Thị Thùy Dương
A81: TC65 | B81: Test Data - Boundary date range | C81: 1. Chọn fromDate = toDate. 2. Chạy báo cáo trong 1 ngày. | D81: Hệ thống chấp nhận và trả dữ liệu đúng trong 1 ngày. | H81: =DATEVALUE("06/1/2026") -> 46174 | I81: Pass | L81: Nguyễn Thị Thùy Dương
A82: TC66 | B82: Test Data - Large dataset sample | C82: 1. Chuẩn bị 10.000 đơn hàng, 1.000 sản phẩm. 2. Chạy thống kê và export. | D82: Hệ thống xử lý được dữ liệu lớn, không timeout ở mức demo. | H82: =DATEVALUE("06/1/2026") -> 46174 | I82: Fail | L82: Nguyễn Thị Thùy Dương
A83: 7. BUG SCENARIOS
A84: TC67 | B84: Bug Scenario - Sai công thức tính doanh thu | C84: 1. Tạo đơn hàng có phí ship/giảm giá. 2. Chạy báo cáo doanh thu. 3. So sánh DB. | D84: Nếu doanh thu không khớp, ghi bug Report mismatch/Wrong revenue calculation. | H84: =DATEVALUE("06/1/2026") -> 46174 | I84: Fail | K84: BUG36_BaoCaovaThongKe | L84: Nguyễn Thị Thùy Dương
A85: TC68 | B85: Bug Scenario - Chart không load | C85: 1. Chặn API chart hoặc trả data rỗng. 2. Mở trang báo cáo. 3. Quan sát UI. | D85: Nếu chart trắng không thông báo, ghi bug Chart not loading. | H85: =DATEVALUE("06/1/2026") -> 46174 | I85: Fail | K85: BUG37_BaoCaovaThongKe | L85: Nguyễn Thị Thùy Dương
A86: TC69 | B86: Bug Scenario - Export failed hoặc pagination lỗi | C86: 1. Chạy export báo cáo và chuyển trang dữ liệu. 2. Kiểm tra file và phân trang. | D86: Nếu export lỗi/pagination sai dữ liệu, ghi bug với steps reproduce rõ ràng. | H86: =DATEVALUE("06/1/2026") -> 46174 | I86: Fail | K86: BUG38_BaoCaovaThongKe | L86: Nguyễn Thị Thùy Dương
A87: 8. MANUAL UI TEST CASES - Admin Report & Dashboard
A88: TC70 | B88: Manual UI - Truy cập trang Báo cáo thống kê | C88: 1. Đăng nhập bằng tài khoản admin. 2. Mở trang /Admin/BaocaoThongKe. 3. Quan sát nội dung trang. | D88: Trang hiển thị tiêu đề BÁO CÁO - THỐNG KÊ, bộ lọc Từ ngày/Đến ngày và các khối số liệu tổng quan. | H88: =DATEVALUE("05/15/2026") -> 46157 | I88: Pass | L88: Nguyễn Thị Thùy Dương
A89: TC71 | B89: Manual UI - Hiển thị tổng đơn hàng | C89: 1. Vào trang Báo cáo thống kê. 2. Quan sát chỉ số Tổng đơn hàng. | D89: Hệ thống hiển thị tổng số đơn hàng rõ ràng, không bị trống hoặc sai định dạng. | H89: =DATEVALUE("05/15/2026") -> 46157 | I89: Pass | L89: Nguyễn Thị Thùy Dương
A90: TC72 | B90: Manual UI - Hiển thị tổng doanh thu | C90: 1. Vào trang Báo cáo thống kê. 2. Quan sát chỉ số Tổng doanh thu. | D90: Tổng doanh thu hiển thị đúng định dạng tiền tệ VNĐ, ví dụ 101,995,000 VNĐ. | H90: =DATEVALUE("05/15/2026") -> 46157 | I90: Pass | L90: Nguyễn Thị Thùy Dương
A91: TC73 | B91: Manual UI - Hiển thị thống kê trạng thái đơn hàng | C91: 1. Vào trang Báo cáo thống kê. 2. Xem phần Chi tiết số lượng đơn. | D91: Trang hiển thị các trạng thái đơn như chờ xác nhận, đang giao, đã giao, đã hủy/hoàn với số lượng tương ứng. | H91: =DATEVALUE("05/15/2026") -> 46157 | I91: Pass | L91: Nguyễn Thị Thùy Dương
A92: TC74 | B92: Manual UI - Hiển thị Top 10 sản phẩm bán chạy | C92: 1. Vào trang Báo cáo thống kê. 2. Cuộn xuống bảng Top 10 sản phẩm bán chạy. | D92: Bảng Top 10 sản phẩm bán chạy hiển thị đủ tên sản phẩm, tổng số lượng bán và tổng doanh thu. | H92: =DATEVALUE("05/15/2026") -> 46157 | I92: Pass | L92: Nguyễn Thị Thùy Dương
A93: TC75 | B93: Manual UI - Kiểm tra thứ tự Top sản phẩm bán chạy | C93: 1. Quan sát bảng Top 10 sản phẩm bán chạy. 2. So sánh cột Tổng số lượng bán theo từng dòng. | D93: Sản phẩm được sắp xếp giảm dần theo tổng số lượng bán. | H93: =DATEVALUE("05/15/2026") -> 46157 | I93: Pass | L93: Nguyễn Thị Thùy Dương
A94: TC76 | B94: Manual UI - Bộ lọc ngày trên trang báo cáo | C94: 1. Vào trang Báo cáo thống kê. 2. Chọn Từ ngày và Đến ngày hợp lệ. 3. Bấm Xem báo cáo. | D94: Trang cập nhật số liệu báo cáo theo khoảng ngày đã chọn và không phát sinh lỗi giao diện. | H94: =DATEVALUE("05/15/2026") -> 46157 | I94: Pass | L94: Nguyễn Thị Thùy Dương
A95: TC77 | B95: Manual UI - Không cho chọn ngày tương lai | C95: 1. Mở bộ chọn ngày ở trường Từ ngày hoặc Đến ngày. 2. Thử chọn ngày lớn hơn ngày hiện tại. | D95: Date picker không cho chọn ngày tương lai hoặc hệ thống chặn thao tác chọn ngày không hợp lệ. | H95: =DATEVALUE("05/15/2026") -> 46157 | I95: Pass | L95: Nguyễn Thị Thùy Dương
A96: TC78 | B96: Manual UI - Dashboard quản trị hiển thị tồn kho tổng quan | C96: 1. Vào /Admin/QuanTriAdmin. 2. Quan sát các thẻ Tổng sản phẩm, Sản phẩm còn hàng, Sản phẩm hết hàng. | D96: Dashboard hiển thị đầy đủ số lượng tổng sản phẩm, còn hàng và hết hàng. | H96: =DATEVALUE("05/15/2026") -> 46157 | I96: Pass | L96: Nguyễn Thị Thùy Dương
A97: TC79 | B97: Manual UI - Hiển thị Top 5 sản phẩm điểm cao | C97: 1. Vào /Admin/QuanTriAdmin. 2. Xem bảng Top 5 Sản Phẩm Điểm Cao. | D97: Bảng hiển thị mã SP, tên SP, giá bán, số lượng tồn và điểm TB. | H97: =DATEVALUE("05/15/2026") -> 46157 | I97: Pass | L97: Nguyễn Thị Thùy Dương
A98: TC80 | B98: Manual UI - Điều hướng từ dashboard sang quản lý sản phẩm | C98: 1. Vào /Admin/QuanTriAdmin. 2. Bấm nút Quản Lý Sản Phẩm. | D98: Hệ thống chuyển đến trang quản lý sản phẩm đúng chức năng, không lỗi 404/500. | H98: =DATEVALUE("05/15/2026") -> 46157 | I98: Pass | L98: Nguyễn Thị Thùy Dương

Sheet Chức năng Quản lý Sản phẩm 
A1: TEST CASE
A3: System Name： | B3: Nupakachi Shop - Online Shopping Website
A4: Module Code： | B4: PM01 - Quản lý Sản phẩm
A5: Test requirement: | B5: Thành viên 2 - Quản lý Sản phẩm (Thêm, Sửa, Xóa, Tìm kiếm, Xem)
A6: Pass | B6: =COUNTIF(I13:I152,"Pass") -> 60 | C6: Pending | D6: =COUNTIF(A9:K152,"Pending") -> 0 | J6: By:Lê Thị Tuyết Nhi
A7: Fail | B7: =COUNTIF(I13:I152,"Fail") -> 58 | C7: Number of test cases: | D7: =COUNTIF(I13:I152,"Pass")+COUNTIF(I13:I152,"Fail") -> 118
A9: ID | B9: Test Case Description | C9: Test Case Procedure | D9: Expected Output | H9: Test date | I9: Result | J9: Note | K9: BUG ID | L9: Tester
A11: 1. Thêm sản phẩm (Add Product)
A12: POSTMAN Nguyễn Thị Thùy Dương
A13: TC01 | B13: Thêm sản phẩm với đầy đủ thông tin hợp lệ | C13: 1. Đăng nhập =>Admin. 2. Vào mục Quản lý Sản phẩm => Thêm sản phẩm. 3. Nhập đầy đủ: Tên='Áo thun trắng', Giá=150000, Số lượng tồn=50,Màu sắc='Xanh navi', Kích thước='M', Phân loại='Nữ', Chọn ảnh hợp lệ, Danh mục='Áo thun', Nhà cung cấp='Công ty A', Mô tả='Áo thun cotton 100%'. 4. Nhấn 'Lưu'. | D13: Sản phẩm được tạo thành công, xuất hiện trong danh sách sản phẩm. | H13: 46161 | I13: Pass | L13: Lê Thị Tuyết Nhi
A14: TC02 | B14: Thêm sản phẩm khi bỏ trống tên sản phẩm | C14: 1. Đăng nhập => Admin. 2. Vào Thêm sản phẩm. 3. Để trống trường Tên sản phẩm, điền đầy đủ các trường còn lại. 4. Nhấn 'Lưu'. | D14: Hệ thống hiển thị thông báo lỗi 'Error. An error occurred while processing your request.'. Không lưu sản phẩm. | H14: 46161 | I14: Pass | L14: Lê Thị Tuyết Nhi
A15: TC03 | B15: Thêm sản phẩm khi bỏ trống giá | C15: 1. Đăng nhập => Admin. 2. Vào Thêm sản phẩm. 3. Để trống trường giá của sản phẩm, điền đầy đủ các trường còn lại. 4. Nhấn 'Lưu'. | D15: Hệ thống hiển thị thông báo lỗi 'The GIABAN field is required.'. Không lưu sản phẩm. | H15: 46161 | I15: Pass | L15: Lê Thị Tuyết Nhi
A16: TC04 | B16: Thêm sản phẩm với giá âm | C16: 1. Đăng nhập Admin. 2. Vào Thêm sản phẩm. 3. Nhập Giá = -50000. 4. Nhấn 'Lưu'. | D16: Hệ thống báo lỗi 'Value must be greater than or equal to 0.'. Không lưu sản phẩm. | H16: 46161 | I16: Pass | L16: Lê Thị Tuyết Nhi
A17: TC05 | B17: Thêm sản phẩm với giá = 0 | C17: 1. Đăng nhập Admin. 2. Vào Thêm sản phẩm. 3. Nhập Giá = 0. 4. Nhấn 'Lưu'. | D17: Sản phẩm được tạo thành công, xuất hiện trong danh sách sản phẩm. | H17: 46161 | I17: Pass | L17: Lê Thị Tuyết Nhi
A18: TC06 | B18: Thêm sản phẩm bỏ số lượng tồn | C18: 1. Đăng nhập Admin. 2. Vào Thêm sản phẩm. 3. Bỏ trống Trường số lượng tồn, nhập đầy đủ các thông tin còn lại. 4. Nhấn 'Lưu'. | D18: Hệ thống báo lỗi 'Value must be greater than or equal to 0.'. Không lưu sản phẩm. | H18: 46161 | I18: Pass | L18: Lê Thị Tuyết Nhi
A19: TC07 | B19: Thêm sản phẩm với số lượng tồn âm | C19: 1. Đăng nhập Admin. 2. Vào Thêm sản phẩm. 3. Nhập Số lượng = -10. 4. Nhấn 'Lưu'. | D19: Hệ thống báo lỗi 'Value must be greater than or equal to 0.'. Không lưu sản phẩm. | H19: 46161 | I19: Pass | L19: Lê Thị Tuyết Nhi
A20: TC08 | B20: Thêm sản phẩm với số lượng tồn = 0 | C20: 1. Đăng nhập Admin. 2. Vào Thêm sản phẩm. 3. Nhập Số lượng = 0. 4. Nhấn 'Lưu'. | D20: Sản phẩm được lưu thành công với trạng thái 'Sản phẩm này hiện đã hết hàng'. | H20: 46161 | I20: Pass | L20: Lê Thị Tuyết Nhi
A21: TC09 | B21: Thêm sản phẩm khi bỏ trống màu sắc | C21: 1. Đăng nhập => Admin. 2. Vào Thêm sản phẩm. 3. Để trống trường Màu sắc, điền đầy đủ các trường còn lại. 4. Nhấn 'Lưu'. | D21: Hệ thống hiển thị thông báo lỗi 'Error. An error occurred while processing your request.'. Không lưu sản phẩm. | H21: 46161 | I21: Pass | L21: Lê Thị Tuyết Nhi
A22: TC10 | B22: Thêm sản phẩm khi bỏ trống kích tthước | C22: 1. Đăng nhập => Admin. 2. Vào Thêm sản phẩm. 3. Để trống trường Kích thước, điền đầy đủ các trường còn lại. 4. Nhấn 'Lưu'. | D22: Hệ thống hiển thị thông báo lỗi 'Error. An error occurred while processing your request.'. Không lưu sản phẩm. | H22: 46161 | I22: Pass | L22: Lê Thị Tuyết Nhi
A23: TC11 | B23: Thêm sản phẩm với kích thước là một con số (12) | C23: 1. Đăng nhập => Admin. 2. Vào Thêm sản phẩm. 3. Để trống trường Kích thước=12, điền đầy đủ các trường còn lại. 4. Nhấn 'Lưu'. | D23: Hệ thống hiển thị thông báo lỗi 'Error. An error occurred while processing your request.'. Không lưu sản phẩm. | H23: 46161 | I23: Pass | L23: Lê Thị Tuyết Nhi
A24: TC12 | B24: Thêm sản phẩm khi bỏ trống phân loại | C24: 1. Đăng nhập => Admin. 2. Vào Thêm sản phẩm. 3. Để trống trường Phân loại, điền đầy đủ các trường còn lại. 4. Nhấn 'Lưu'. | D24: Hệ thống hiển thị thông báo lỗi 'Error. An error occurred while processing your request.'. Không lưu sản phẩm. | H24: 46161 | I24: Pass | L24: Lê Thị Tuyết Nhi
... A34: TC22 | B34: Thêm sản phẩm với giá rất lớn (999,999,999) | C34: 1. Đăng nhập Admin. 2. Vào Thêm sản phẩm. 3. Nhập Giá = 999999999. 4. Nhấn 'Lưu'. | D34: Hệ thống báo lỗi 'Please enter the valid are 999999000 and 1000000000.'. Không lưu sản phẩm. | H34: 46170 | I34: Pass | L34: Lê Thị Tuyết Nhi
A35: UNIT TEST Nguyễn Thị Thùy Dương
A36: TC023 | B36: Thêm sản phẩm khi bỏ trống tên sản phẩm | C36: 1. Đăng nhập => Admin. 2. Vào Thêm sản phẩm. 3. Để trống trường Tên sản phẩm, điền đầy đủ các trường còn lại. 4. Nhấn 'Lưu'. | D36: Hệ thống hiển thị thông báo lỗi 'Error. An error occurred while processing your request.'. Không lưu sản phẩm. | H36: 46161 | I36: Pass | L36: Lê Thị Tuyết Nhi
A37: TC024 | B37: Thêm sản phẩm với giá âm | C37: 1. Đăng nhập Admin. 2. Vào Thêm sản phẩm. 3. Nhập Giá = -50000. 4. Nhấn 'Lưu'. | D37: Hệ thống báo lỗi 'Value must be greater than or equal to 0.'. Không lưu sản phẩm. | H37: 46161 | I37: Pass | L37: Lê Thị Tuyết Nhi
A38: TC025 | B38: Thêm sản phẩm với giá = 0 | C38: 1. Đăng nhập Admin. 2. Vào Thêm sản phẩm. 3. Nhập Giá = 0. 4. Nhấn 'Lưu'. | D38: Sản phẩm được tạo thành công, xuất hiện trong danh sách sản phẩm. | H38: 46161 | I38: Pass | L38: Lê Thị Tuyết Nhi
A39: TC026 | B39: Thêm sản phẩm với số lượng tồn âm | C39: 1. Đăng nhập Admin. 2. Vào Thêm sản phẩm. 3. Nhập Số lượng = -10. 4. Nhấn 'Lưu'. | D39: Hệ thống báo lỗi 'Value must be greater than or equal to 0.'. Không lưu sản phẩm. | H39: 46161 | I39: Pass | L39: Lê Thị Tuyết Nhi
A40: TC027 | B40: Thêm sản phẩm với số lượng tồn = 0 | C40: 1. Đăng nhập Admin. 2. Vào Thêm sản phẩm. 3. Nhập Số lượng = 0. 4. Nhấn 'Lưu'. | D40: Sản phẩm được lưu thành công với trạng thái 'Sản phẩm này hiện đã hết hàng'. | H40: 46161 | I40: Pass | L40: Lê Thị Tuyết Nhi
A41: TC028 | B41: Thêm sản phẩm với ảnh sai định dạng (PDF) | C41: 1. Đăng nhập Admin. 2. Vào Thêm sản phẩm. 3. Upload file .pdf làm ảnh sản phẩm. 4. Nhấn 'Lưu'. | D41: Hệ thống báo lỗi 'Error. An error occurred while processing your request.'. Không lưu sản phẩm. | H41: 46161 | I41: Pass | L41: Lê Thị Tuyết Nhi
A42: TC029 | B42: Thêm sản phẩm với giá nhập chữ thay vì số | C42: 1. Đăng nhập Admin. 2. Vào Thêm sản phẩm. 3. Nhập Giá = 'abc'. 4. Nhấn 'Lưu'. | D42: Hệ thống chỉ cho nhập số không cho nhập chữ. | H42: 46161 | I42: Pass | L42: Lê Thị Tuyết Nhi
A43: TC030 | B43: Thêm sản phẩm với giá rất lớn (999,999,999) | C43: 1. Đăng nhập Admin. 2. Vào Thêm sản phẩm. 3. Nhập Giá = 999999999. 4. Nhấn 'Lưu'. | D43: Hệ thống báo lỗi 'Please enter the valid are 999999000 and 1000000000.'. Không lưu sản phẩm. | H43: 46161 | I43: Pass | L43: Lê Thị Tuyết Nhi
A44: SELENIUM
A45: TC31 | B45: Thêm sản phẩm với đầy đủ thông tin hợp lệ | C45: 1. Đăng nhập =>Admin. 2. Vào mục Quản lý Sản phẩm => Thêm sản phẩm. 3. Nhập đầy đủ: Tên='Áo thun trắng', Giá=150000, Số lượng tồn=50,Màu sắc='Xanh navi', Kích thước='M', Phân loại='Nữ', Chọn ảnh hợp lệ, Danh mục='Áo thun', Nhà cung cấp='Công ty A', Mô tả='Áo thun cotton 100%'. 4. Nhấn 'Lưu'. | D45: Sản phẩm được tạo thành công, xuất hiện trong danh sách sản phẩm. | H45: 46161 | I45: Fail | J45: Không thể đăng nhập tài khoản Admin bằng Selenium Test | K45: BUG1_Quản lý sản phẩm | L45: Lê Thị Tuyết Nhi
A46: TC32 | B46: Thêm sản phẩm khi bỏ trống tên sản phẩm | C46: 1. Đăng nhập => Admin. 2. Vào Thêm sản phẩm. 3. Để trống trường Tên sản phẩm, điền đầy đủ các trường còn lại. 4. Nhấn 'Lưu'. | D46: Hệ thống hiển thị thông báo lỗi 'Error. An error occurred while processing your request.'. Không lưu sản phẩm. | H46: 46161 | I46: Fail | J46: Không thể đăng nhập tài khoản Admin bằng Selenium Test | K46: BUG2_Quản lý sản phẩm | L46: Lê Thị Tuyết Nhi
A47: TC33 | B47: Thêm sản phẩm khi bỏ trống giá | C47: 1. Đăng nhập => Admin. 2. Vào Thêm sản phẩm. 3. Để trống trường giá của sản phẩm, điền đầy đủ các trường còn lại. 4. Nhấn 'Lưu'. | D47: Hệ thống hiển thị thông báo lỗi 'The GIABAN field is required.'. Không lưu sản phẩm. | H47: 46161 | I47: Fail | J47: Không thể đăng nhập tài khoản Admin bằng Selenium Test | K47: BUG3_Quản lý sản phẩm | L47: Lê Thị Tuyết Nhi
A48: TC34 | B48: Thêm sản phẩm với giá âm | C48: 1. Đăng nhập Admin. 2. Vào Thêm sản phẩm. 3. Nhập Giá = -50000. 4. Nhấn 'Lưu'. | D48: Hệ thống báo lỗi 'Value must be greater than or equal to 0.'. Không lưu sản phẩm. | H48: 46161 | I48: Fail | J48: Không thể đăng nhập tài khoản Admin bằng Selenium Test | K48: BUG4_Quản lý sản phẩm | L48: Lê Thị Tuyết Nhi
A49: TC35 | B49: Thêm sản phẩm với giá = 0 | C49: 1. Đăng nhập Admin. 2. Vào Thêm sản phẩm. 3. Nhập Giá = 0. 4. Nhấn 'Lưu'. | D49: Sản phẩm được tạo thành công, xuất hiện trong danh sách sản phẩm. | H49: 46161 | I49: Fail | J49: Không thể đăng nhập tài khoản Admin bằng Selenium Test | K49: BUG5_Quản lý sản phẩm | L49: Lê Thị Tuyết Nhi
A50: TC36 | B50: Thêm sản phẩm bỏ số lượng tồn | C50: 1. Đăng nhập Admin. 2. Vào Thêm sản phẩm. 3. Bỏ trống Trường số lượng tồn, nhập đầy đủ các thông tin còn lại. 4. Nhấn 'Lưu'. | D50: Hệ thống báo lỗi 'Value must be greater than or equal to 0.'. Không lưu sản phẩm. | H50: 46161 | I50: Fail | J50: Không thể đăng nhập tài khoản Admin bằng Selenium Test | K50: BUG6_Quản lý sản phẩm | L50: Lê Thị Tuyết Nhi
A51: TC37 | B51: Thêm sản phẩm với số lượng tồn âm | C51: 1. Đăng nhập Admin. 2. Vào Thêm sản phẩm. 3. Nhập Số lượng = -10. 4. Nhấn 'Lưu'. | D51: Hệ thống báo lỗi 'Value must be greater than or equal to 0.'. Không lưu sản phẩm. | H51: 46161 | I51: Fail | J51: Không thể đăng nhập tài khoản Admin bằng Selenium Test | K51: BUG7_Quản lý sản phẩm | L51: Lê Thị Tuyết Nhi
A52: TC38 | B52: Thêm sản phẩm với số lượng tồn = 0 | C52: 1. Đăng nhập Admin. 2. Vào Thêm sản phẩm. 3. Nhập Số lượng = 0. 4. Nhấn 'Lưu'. | D52: Sản phẩm được lưu thành công với trạng thái 'Sản phẩm này hiện đã hết hàng'. | H52: 46161 | I52: Fail | J52: Không thể đăng nhập tài khoản Admin bằng Selenium Test | K52: BUG8_Quản lý sản phẩm | L52: Lê Thị Tuyết Nhi
A53: TC39 | B53: Thêm sản phẩm với số lượng tồn nhập chữ | C53: 1. Đăng nhập Admin. 2. Vào Thêm sản phẩm. 3. Nhập Số lượng = 'abc'. 4. Nhấn 'Lưu'. | D53: Hệ thống chỉ cho nhập số không cho nhập chữ. | H53: 46168 | I53: Fail | J53: Không thể đăng nhập tài khoản Admin bằng Selenium Test | K53: BUG9_Quản lý sản phẩm | L53: Lê Thị Tuyết Nhi
A54: TC40 | B54: Thêm sản phẩm khi nhập màu sắc là số (123) | C54: 1. Đăng nhập Admin. 2. Vào Thêm sản phẩm. 3. Ở trường Màu sắc = 123, nhập đầy đủ các trường còn lại. 4. Nhấn 'Lưu'. | D54: Hệ thống báo lỗi 'Error. An error occurred while processing your request.'. Không lưu sản phẩm. | H54: 46168 | I54: Fail | J54: Không thể đăng nhập tài khoản Admin bằng Selenium Test | K54: BUG10_Quản lý sản phẩm | L54: Lê Thị Tuyết Nhi
A55: TC41 | B55: Thêm sản phẩm với tên vượt quá độ dài tối đa | C55: 1. Đăng nhập Admin. 2. Vào Thêm sản phẩm. 3. Nhập tên sản phẩm dài 500 ký tự. 4. Nhấn 'Lưu'. | D55: Hệ thống báo lỗi 'Error. An error occurred while processing your request.'. Không lưu sản phẩm. | H55: 46168 | I55: Fail | J55: Không thể đăng nhập tài khoản Admin bằng Selenium Test | K55: BUG11_Quản lý sản phẩm | L55: Lê Thị Tuyết Nhi
A56: TC42 | B56: Thêm sản phẩm không có ảnh | C56: 1. Đăng nhập Admin. 2. Vào Thêm sản phẩm. 3. Điền đầy đủ thông tin nhưng không upload ảnh. 4. Nhấn 'Lưu'. | D56: Sản phẩm được lưu không có ảnh. | H56: 46168 | I56: Fail | J56: Không thể đăng nhập tài khoản Admin bằng Selenium Test | K56: BUG12_Quản lý sản phẩm | L56: Lê Thị Tuyết Nhi
... A58: TC44 | B58: Thêm sản phẩm liên tiếp 10 lần | C58: 1. Đăng nhập Admin. 2. Thực hiện thêm 10 sản phẩm khác nhau liên tiếp không nghỉ. 3. Kiểm tra danh sách. | D58: Tất cả 10 sản phẩm được lưu thành công, hệ thống không bị lỗi hay treo. | H58: 46168 | I58: Fail | J58: Không thể đăng nhập tài khoản Admin bằng Selenium Test | K58: BUG14_Quản lý sản phẩm | L58: Lê Thị Tuyết Nhi
A59: 2. Sửa sản phẩm (Edit Product)
A60: POSTMAN
A61: TC45 | B61: Sửa tên sản phẩm hợp lệ | C61: 1. Đăng nhập Admin. 2. Vào danh sách sản phẩm, chọn sản phẩm cần sửa. 3. Đổi tên thành 'Áo thun đen'. 4. Nhấn 'Cập nhật'. | D61: Tên sản phẩm được cập nhật thành công, hiển thị đúng trong danh sách. | H61: 46170 | I61: Pass | L61: Lê Thị Tuyết Nhi
A62: TC46 | B62: Sửa giá sản phẩm thành giá hợp lệ | C62: 1. Đăng nhập Admin. 2. Chọn sản phẩm > Sửa. 3. Đổi Giá = 200000. 4. Nhấn 'Cập nhật'. | D62: Giá sản phẩm được cập nhật thành công. | H62: 46170 | I62: Pass | L62: Lê Thị Tuyết Nhi
A63: TC47 | B63: Sửa giá sản phẩm thành giá âm | C63: 1. Đăng nhập Admin. 2. Chọn sản phẩm > Sửa. 3. Đổi Giá = -10000. 4. Nhấn 'Cập nhật'. | D63: Hệ thống báo lỗi 'Value must be greater than or equal to 0.'. Không cập nhật sản phẩm. | H63: 46170 | I63: Pass | L63: Lê Thị Tuyết Nhi
A64: TC48 | B64: Sửa giá sản phẩm thành chuỗi chữ | C64: 1. Đăng nhập Admin. 2. Chọn sản phẩm > Sửa. 3. Nhập Giá = 'hai trăm nghìn'. 4. Nhấn 'Cập nhật'. | D64: Hệ thống chỉ cho nhập số không có nhập chữ. | H64: 46172 | I64: Pass | L64: Lê Thị Tuyết Nhi
A65: TC49 | B65: Sửa số lượng sản phẩm thành chuỗi chữ | C65: 1. Đăng nhập Admin. 2. Chọn sản phẩm > Sửa. 3. Nhập Số lượng = 'hai trăm'. 4. Nhấn 'Cập nhật'. | D65: Hệ thống không cho phép tự ý sửa số lượng tồn. | H65: 46172 | I65: Pass | L65: Lê Thị Tuyết Nhi
A66: TC50 | B66: Sửa tên sản phẩm bằng ký tự Unicode đặc biệt | C66: 1. Đăng nhập Admin. 2. Chọn sản phẩm > Sửa. 3. Nhập Tên = 'Áo thun 😊 #1'. 4. Nhấn 'Cập nhật'. | D66: Hệ thống lưu cập nhật thành công, đúng thông tin vào danh sách. | H66: 46172 | I66: Pass | L66: Lê Thị Tuyết Nhi
A67: UNIT TEST
A68: TC51 | B68: Sửa giá sản phẩm thành giá âm | C68: 1. Đăng nhập Admin. 2. Chọn sản phẩm > Sửa. 3. Đổi Giá = -10000. 4. Nhấn 'Cập nhật'. | D68: Hệ thống báo lỗi 'Value must be greater than or equal to 0.'. Không cập nhật sản phẩm. | H68: 46168 | I68: Pass | L68: Lê Thị Tuyết Nhi
A69: TC52 | B69: Sửa giá sản phẩm = 0 | C69: 1. Đăng nhập Admin. 2. Chọn sản phẩm > Sửa. 3. Đổi Giá = 0. 4. Nhấn 'Cập nhật'. | D69: Hệ thống cập nhật giá sản phẩm thành công. | H69: 46168 | I69: Pass | L69: Lê Thị Tuyết Nhi
A70: TC53 | B70: Sửa sản phẩm để trống tên | C70: 1. Đăng nhập Admin. 2. Chọn sản phẩm > Sửa. 3. Xóa hết nội dung trường Tên. 4. Nhấn 'Cập nhật'. | D70: Hệ thống báo lỗi 'Error. An error occurred while processing your request.'. Không cập nhật sản phẩm. | H70: 46168 | I70: Pass | L70: Lê Thị Tuyết Nhi
A71: TC54 | B71: Sửa phân loại sản phẩm với chữ số | C71: 1. Đăng nhập Admin. 2. Chọn sản phẩm > Sửa. 3. Cập nhật Phân loại = '111'. 4. Nhấn 'Cập nhật'. | D71: Hệ thống báo lỗi 'Error. An error occurred while processing your request.'. Không cập nhật sản phẩm. | H71: 46168 | I71: Pass | L71: Lê Thị Tuyết Nhi
A72: TC55 | B72: Sửa giá sản phẩm thành chuỗi chữ | C72: 1. Đăng nhập Admin. 2. Chọn sản phẩm > Sửa. 3. Nhập Giá = 'hai trăm nghìn'. 4. Nhấn 'Cập nhật'. | D72: Hệ thống chỉ cho nhập số không có nhập chữ. | H72: 46172 | I72: Pass | L72: Lê Thị Tuyết Nhi
A73: SELENIUM
A74: TC56 | B74: Sửa tên sản phẩm hợp lệ | C74: 1. Đăng nhập Admin. 2. Vào danh sách sản phẩm, chọn sản phẩm cần sửa. 3. Đổi tên thành 'Áo thun đen'. 4. Nhấn 'Cập nhật'. | D74: Tên sản phẩm được cập nhật thành công, hiển thị đúng trong danh sách. | H74: 46168 | I74: Fail | J74: Không thể đăng nhập tài khoản Admin bằng Selenium Test | K74: BUG15_Quản lý sản phẩm | L74: Lê Thị Tuyết Nhi
A75: TC57 | B75: Sửa giá sản phẩm thành giá hợp lệ | C75: 1. Đăng nhập Admin. 2. Chọn sản phẩm > Sửa. 3. Đổi Giá = 200000. 4. Nhấn 'Cập nhật'. | D75: Giá sản phẩm được cập nhật thành công. | H75: 46168 | I75: Fail | J75: Không thể đăng nhập tài khoản Admin bằng Selenium Test | K75: BUG16_Quản lý sản phẩm | L75: Lê Thị Tuyết Nhi
A76: TC58 | B76: Sửa giá sản phẩm thành giá âm | C76: 1. Đăng nhập Admin. 2. Chọn sản phẩm > Sửa. 3. Đổi Giá = -10000. 4. Nhấn 'Cập nhật'. | D76: Hệ thống báo lỗi 'Value must be greater than or equal to 0.'. Không cập nhật sản phẩm. | H76: 46168 | I76: Fail | J76: Không thể đăng nhập tài khoản Admin bằng Selenium Test | K76: BUG17_Quản lý sản phẩm | L76: Lê Thị Tuyết Nhi
A77: TC59 | B77: Sửa giá sản phẩm = 0 | C77: 1. Đăng nhập Admin. 2. Chọn sản phẩm > Sửa. 3. Đổi Giá = 0. 4. Nhấn 'Cập nhật'. | D77: Hệ thống cập nhật giá sản phẩm thành công. | H77: 46168 | I77: Fail | J77: Không thể đăng nhập tài khoản Admin bằng Selenium Test | K77: BUG18_Quản lý sản phẩm | L77: Lê Thị Tuyết Nhi
A78: TC60 | B78: Sửa số lượng tồn sản phẩm hợp lệ | C78: 1. Đăng nhập Admin. 2. Chọn sản phẩm > Sửa. 3. Đổi Số lượng tồn = 100. 4. Nhấn 'Cập nhật'. | D78: Hệ thống không cho phép tự ý sửa số lượng tồn. | H78: 46168 | I78: Fail | J78: Không thể đăng nhập tài khoản Admin bằng Selenium Test | K78: BUG19_Quản lý sản phẩm | L78: Lê Thị Tuyết Nhi
A79: TC61 | B79: Sửa số lượng tồn sản phẩm thành số âm | C79: 1. Đăng nhập Admin. 2. Chọn sản phẩm > Sửa. 3. Đổi Số lượng tồn= 0. 4. Nhấn 'Cập nhật'. | D79: Hệ thống không cho phép tự ý sửa số lượng tồn. | H79: 46168 | I79: Fail | J79: Không thể đăng nhập tài khoản Admin bằng Selenium Test | K79: BUG20_Quản lý sản phẩm | L79: Lê Thị Tuyết Nhi
A80: TC62 | B80: Sửa sản phẩm để trống tên | C80: 1. Đăng nhập Admin. 2. Chọn sản phẩm > Sửa. 3. Xóa hết nội dung trường Tên. 4. Nhấn 'Cập nhật'. | D80: Hệ thống báo lỗi 'Error. An error occurred while processing your request.'. Không cập nhật sản phẩm. | H80: 46168 | I80: Fail | J80: Không thể đăng nhập tài khoản Admin bằng Selenium Test | K80: BUG21_Quản lý sản phẩm | L80: Lê Thị Tuyết Nhi
A81: TC63 | B81: Sửa mô tả sản phẩm | C81: 1. Đăng nhập Admin. 2. Chọn sản phẩm > Sửa. 3. Cập nhật Mô tả = 'Sản phẩm chất lượng cao, bảo hành 12 tháng'. 4. Nhấn 'Cập nhật'. | D81: Mô tả sản phẩm được cập nhật thành công. | H81: 46168 | I81: Fail | J81: Không thể đăng nhập tài khoản Admin bằng Selenium Test | K81: BUG22_Quản lý sản phẩm | L81: Lê Thị Tuyết Nhi
A82: TC64 | B82: Sửa phân loại sản phẩm hợp lệ | C82: 1. Đăng nhập Admin. 2. Chọn sản phẩm > Sửa. 3. Cập nhật Phân loại = 'Nữ'. 4. Nhấn 'Cập nhật'. | D82: Phân loại được cập nhật thành công, hiển thị đúng trong danh sách. | H82: 46168 | I82: Fail | J82: Không thể đăng nhập tài khoản Admin bằng Selenium Test | K82: BUG23_Quản lý sản phẩm | L82: Lê Thị Tuyết Nhi
A83: TC65 | B83: Sửa phân loại sản phẩm với chữ số | C83: 1. Đăng nhập Admin. 2. Chọn sản phẩm > Sửa. 3. Cập nhật Phân loại = '111'. 4. Nhấn 'Cập nhật'. | D83: Hệ thống báo lỗi 'Error. An error occurred while processing your request.'. Không cập nhật sản phẩm. | H83: 46168 | I83: Fail | J83: Không thể đăng nhập tài khoản Admin bằng Selenium Test | K83: BUG24_Quản lý sản phẩm | L83: Lê Thị Tuyết Nhi
A84: TC66 | B84: Sửa danh mục sản phẩm | C84: 1. Đăng nhập Admin. 2. Chọn sản phẩm > Sửa. 3. Đổi danh mục sang loại khác. 4. Nhấn 'Cập nhật'. | D84: Danh mục sản phẩm được cập nhật, sản phẩm xuất hiện đúng danh mục mới. | H84: 46168 | I84: Fail | J84: Không thể đăng nhập tài khoản Admin bằng Selenium Test | K84: BUG25_Quản lý sản phẩm | L84: Lê Thị Tuyết Nhi
A85: TC67 | B85: Sửa nhà cung cấp sản phẩm | C85: 1. Đăng nhập Admin. 2. Chọn sản phẩm > Sửa. 3. Đổi nhà cung cấp sang loại khác. 4. Nhấn 'Cập nhật'. | D85: Công ty cung cấp sản phẩm được cập nhật, sản phẩm xuất hiện đúng công ty cung cấp mới. | H85: 46168 | I85: Fail | J85: Không thể đăng nhập tài khoản Admin bằng Selenium Test | K85: BUG26_Quản lý sản phẩm | L85: Lê Thị Tuyết Nhi
... A92: TC74 | B92: Sửa nhiều sản phẩm liên tiếp | C92: 1. Đăng nhập Admin. 2. Sửa 5 sản phẩm khác nhau liên tiếp, mỗi lần thay đổi tên và giá. 3. Kiểm tra lại danh sách. | D92: Tất cả 5 sản phẩm được cập nhật đúng, hệ thống không bị lỗi. | H92: 46172 | I92: Fail | J92: Không thể đăng nhập tài khoản Admin bằng Selenium Test | K92: BUG33_Quản lý sản phẩm | L92: Lê Thị Tuyết Nhi
A93: 3. Xóa sản phẩm (Delete Product)
A94: POSTMAN
A95: TC75 | B95: Xóa sản phẩm không có trong đơn hàng nào | C95: 1. Đăng nhập Admin. 2. Chọn sản phẩm chưa có đơn hàng nào. 3. Nhấn 'Xóa' > Xác nhận 'OK'. | D95: Sản phẩm bị xóa thành công, không còn xuất hiện trong danh sách. | H95: 46172 | I95: Pass | L95: Lê Thị Tuyết Nhi
A96: TC76 | B96: Xóa sản phẩm có trong đơn hàng | C96: 1. Đăng nhập Admin. 2. Chọn sản phẩm chưa có đơn hàng nào. 3. Nhấn 'Xóa' > Xác nhận 'OK'. | D96: Hệ thống thông báo 'Sản phẩm đã có đơn hàng --> chỉ được ẩn'.Sản phẩm xóa không thành công. | H96: 46172 | I96: Pass | L96: Lê Thị Tuyết Nhi
A97: TC77 | B97: Xóa sản phẩm đã hết hàng, không ở trong đơn hàng nào. | C97: 1. Đăng nhập Admin. 2. Chọn sản phẩm có số lượng = 0. 3. Nhấn 'Xóa' > Xác nhận 'OK'. | D97: Sản phẩm bị xóa thành công. | H97: 46172 | I97: Pass | L97: Lê Thị Tuyết Nhi
A98: TC78 | B98: Xóa sản phẩm đã hết hàng, có trong đơn hàng | C98: 1. Đăng nhập Admin. 2. Chọn sản phẩm có số lượng = 0. 3. Nhấn 'Xóa' > Xác nhận 'OK'. | D98: Hệ thống thông báo 'Sản phẩm đã có đơn hàng --> chỉ được ẩn'.Sản phẩm xóa không thành công. | H98: 46172 | I98: Pass | L98: Lê Thị Tuyết Nhi
A99: TC79 | B99: Xóa sản phẩm và kiểm tra dữ liệu lịch sử | C99: 1. Admin xóa sản phẩm đã có lịch sử bán hàng. 2. Kiểm tra báo cáo doanh thu cũ. | D99: Dữ liệu lịch sử (đơn hàng cũ) vẫn còn nguyên, không bị ảnh hưởng bởi việc xóa sản phẩm. | H99: 46172 | I99: Pass | L99: Lê Thị Tuyết Nhi
A100: UNIT TEST
A101: TC80 | B101: Xóa sản phẩm không có trong đơn hàng nào | C101: 1. Đăng nhập Admin. 2. Chọn sản phẩm chưa có đơn hàng nào. 3. Nhấn 'Xóa' > Xác nhận 'OK'. | D101: Sản phẩm bị xóa thành công, không còn xuất hiện trong danh sách. | H101: 46172 | I101: Pass | L101: Lê Thị Tuyết Nhi
A102: TC81 | B102: Xóa sản phẩm có trong đơn hàng | C102: 1. Đăng nhập Admin. 2. Chọn sản phẩm chưa có đơn hàng nào. 3. Nhấn 'Xóa' > Xác nhận 'OK'. | D102: Hệ thống thông báo 'Sản phẩm đã có đơn hàng --> chỉ được ẩn'.Sản phẩm xóa không thành công. | H102: 46172 | I102: Pass | L102: Lê Thị Tuyết Nhi
A103: SELENIUM
A104: TC82 | B104: Xóa sản phẩm không có trong đơn hàng nào | C104: 1. Đăng nhập Admin. 2. Chọn sản phẩm chưa có đơn hàng nào. 3. Nhấn 'Xóa' > Xác nhận 'OK'. | D104: Sản phẩm bị xóa thành công, không còn xuất hiện trong danh sách. | H104: 46172 | I104: Fail | J104: Không thể đăng nhập tài khoản Admin bằng Selenium Test | K104: BUG34_Quản lý sản phẩm | L104: Lê Thị Tuyết Nhi
A105: TC83 | B105: Xóa sản phẩm và kiểm tra xác nhận | C105: 1. Đăng nhập Admin. 2. Nhấn 'Xóa' sản phẩm. 3. Hộp thoại xác nhận hiện ra. 4. Nhấn 'Cancel'. | D105: Hệ thống không xóa sản phẩm, sản phẩm vẫn còn trong danh sách. | H105: 46172 | I105: Fail | J105: Không thể đăng nhập tài khoản Admin bằng Selenium Test | K105: BUG35_Quản lý sản phẩm | L105: Lê Thị Tuyết Nhi
A106: TC84 | B106: Xóa sản phẩm có trong đơn hàng | C106: 1. Đăng nhập Admin. 2. Chọn sản phẩm chưa có đơn hàng nào. 3. Nhấn 'Xóa' > Xác nhận 'OK'. | D106: Hệ thống thông báo 'Sản phẩm đã có đơn hàng --> chỉ được ẩn'.Sản phẩm xóa không thành công. | H106: 46172 | I106: Fail | J106: Không thể đăng nhập tài khoản Admin bằng Selenium Test | K106: BUG36_Quản lý sản phẩm | L106: Lê Thị Tuyết Nhi
A107: TC85 | B107: Xóa sản phẩm đã hết hàng, không ở trong đơn hàng nào. | C107: 1. Đăng nhập Admin. 2. Chọn sản phẩm có số lượng = 0. 3. Nhấn 'Xóa' > Xác nhận 'OK'. | D107: Sản phẩm bị xóa thành công. | H107: 46172 | I107: Fail | J107: Không thể đăng nhập tài khoản Admin bằng Selenium Test | K107: BUG37_Quản lý sản phẩm | L107: Lê Thị Tuyết Nhi
A108: TC86 | B108: Xóa sản phẩm đã hết hàng, có trong đơn hàng | C108: 1. Đăng nhập Admin. 2. Chọn sản phẩm có số lượng = 0. 3. Nhấn 'Xóa' > Xác nhận 'OK'. | D108: Hệ thống thông báo 'Sản phẩm đã có đơn hàng --> chỉ được ẩn'.Sản phẩm xóa không thành công. | H108: 46172 | I108: Fail | J108: Không thể đăng nhập tài khoản Admin bằng Selenium Test | K108: BUG38_Quản lý sản phẩm | L108: Lê Thị Tuyết Nhi
A109: TC87 | B109: Kiểm tra sản phẩm đã xóa không hiển thị ngoài cửa hàng | C109: 1. Admin xóa 1 sản phẩm. 2. Mở trang cửa hàng phía người dùng. 3. Tìm sản phẩm vừa xóa. | D109: Sản phẩm đã xóa không còn hiển thị ở trang người dùng. | H109: 46172 | I109: Fail | J109: Không thể đăng nhập tài khoản Admin bằng Selenium Test | K109: BUG39_Quản lý sản phẩm | L109: Lê Thị Tuyết Nhi
A110: JMETER
A111: TC88 | B111: Xóa liên tiếp 20 sản phẩm (kiểm thử bền bỉ) | C111: 1. Đăng nhập Admin. 2. Thêm 20 sản phẩm test. 3. Xóa lần lượt từng sản phẩm một. 4. Kiểm tra hệ thống sau khi xóa xong. | D111: Tất cả 20 sản phẩm được xóa thành công, hệ thống không bị chậm hay lỗi. | H111: 46173 | I111: Fail | J111: Dữ liệu IP sản phâm trong file CSV có những dữ liệu không tồn tại (do đã xóa ở những lần test trước) dẫn đến hàm test lỗi | K111: BUG40_Quản lý sản phẩm | L111: Lê Thị Tuyết Nhi
A112: 4. Tìm kiếm sản phẩm (Search Product)
A113: POSTMAN
A114: TC89 | B114: Tìm kiếm sản phẩm bằng tên chính xác | C114: 1. Đăng nhập Admin. 2. Vào trang Quản lý sản phẩm. 3. Nhập tên chính xác vào ô tìm kiếm. 4. Nhấn 'Tìm'. | D114: Hiển thị đúng sản phẩm có tên khớp với từ khóa. | H114: 46172 | I114: Pass | L114: Lê Thị Tuyết Nhi
A115: TC90 | B115: Tìm kiếm sản phẩm bằng từ khóa một phần (partial search) | C115: 1. Đăng nhập Admin. 2. Nhập một phần tên sản phẩm (vd: 'Áo') vào ô tìm kiếm. 3. Nhấn 'Tìm'. | D115: Hiển thị tất cả sản phẩm có tên chứa từ khóa 'Áo'. | H115: 46172 | I115: Pass | L115: Lê Thị Tuyết Nhi
A116: TC91 | B116: Tìm kiếm sản phẩm không tồn tại | C116: 1. Đăng nhập Admin. 2. Nhập từ khóa không khớp bất kỳ sản phẩm nào. 3. Nhấn 'Tìm'. | D116: Hiển thị thông báo 'Không tìm thấy sản phẩm nào' và danh sách trống. | H116: 46172 | I116: Pass | L116: Lê Thị Tuyết Nhi
A117: TC92 | B117: Tìm kiếm sản phẩm với ô tìm kiếm trống | C117: 1. Đăng nhập Admin. 2. Để trống ô tìm kiếm. 3. Nhấn 'Tìm'. | D117: Hiển thị toàn bộ danh sách sản phẩm. | H117: 46172 | I117: Pass | L117: Lê Thị Tuyết Nhi
A118: TC93 | B118: Tìm kiếm sản phẩm theo danh mục | C118: 1. Đăng nhập Admin. 2. Chọn bộ lọc Danh mục = 'Quần'. 3. Nhấn 'Tìm'. | D118: Chỉ hiển thị các sản phẩm thuộc danh mục 'Quần'. | H118: 46172 | I118: Pass | L118: Lê Thị Tuyết Nhi
A119: TC94 | B119: Tìm kiếm kết hợp từ khóa và danh mục | C119: 1. Đăng nhập Admin. 2. Nhập từ khóa 'Áo', chọn danh mục 'Áo nam'. 3. Nhấn 'Tìm'. | D119: Hiển thị sản phẩm có tên chứa 'Áo' VÀ thuộc danh mục 'Áo nam'. | H119: 46172 | I119: Pass | L119: Lê Thị Tuyết Nhi
...

Sheet Chức năng giỏ hàng
A1: TEST CASE
A3: System Name： | B3: Nupakachi Shop - Online Shopping Website
A4: Module Code： | B4: CR200 - Shopping Cart / Gio Hang
A5: Test requirement: | B5: CR6 - Shopping cart validation, automation, performance, reliability, manual UX | E5: By: Hồ Chí Dũng
A6: Pass | B6: =COUNTIF(I12:I96,"Pass") -> 67 | C6: Pending | D6: =COUNTIF(I12:I96,"Pending") -> 0
A7: Fail | B7: =COUNTIF(I12:I96,"Fail") -> 13 | C7: Number of test cases: | D7: =COUNTIF(A12:A96,"*TC*") -> 80
A9: ID | B9: Test Case Description | C9: Test Case Procedure | D9: Expected Output | H9: Test date | I9: Result | J9: Note | K9: BUG ID | L9: Tester
A10: 1. UNIT TEST CASES - CartService / InventoryValidationService / PriceCalculationService
A12: TC01 | B12: Unit Test - Thêm sản phẩm hợp lệ vào giỏ hàng | C12: 1. Khởi tạo CartService. 2. Tạo productId=101, quantity=1, price=250000. 3. Gọi AddItem(). 4. Kiểm tra danh sách giỏ hàng. | D12: Giỏ hàng có 1 item, đúng productId, quantity và price. | H12: =DATEVALUE("05/26/2026") -> 46168 | I12: Pass | J12: CartService.AddItem | L12: Hồ Chí Dũng
A13: TC02 | B13: Unit Test - Thêm sản phẩm đã tồn tại thì cộng dồn số lượng | C13: 1. Giỏ hàng đã có productId=101 quantity=1. 2. Thêm lại productId=101 quantity=2. 3. Kiểm tra quantity sau khi thêm. | D13: Quantity của sản phẩm trong giỏ = 3, không tạo dòng trùng. | H13: =DATEVALUE("05/26/2026") -> 46168 | I13: Pass | J13: CartService.AddItem | L13: Hồ Chí Dũng
A14: TC03 | B14: Unit Test - Xóa sản phẩm khỏi giỏ hàng | C14: 1. Giỏ hàng có productId=101. 2. Gọi RemoveItem(101). 3. Kiểm tra danh sách giỏ hàng. | D14: Sản phẩm bị xóa khỏi giỏ, số item giảm đúng. | H14: =DATEVALUE("05/26/2026") -> 46168 | I14: Pass | J14: CartService.RemoveItem | L14: Hồ Chí Dũng
A15: TC04 | B15: Unit Test - Cập nhật số lượng sản phẩm hợp lệ | C15: 1. Giỏ hàng có productId=101 quantity=1. 2. Gọi UpdateQuantity(101,3). 3. Kiểm tra quantity. | D15: Quantity được cập nhật thành 3. | H15: =DATEVALUE("05/26/2026") -> 46168 | I15: Pass | J15: CartService.UpdateQuantity | L15: Hồ Chí Dũng
A16: TC05 | B16: Unit Test - Không cho cập nhật số lượng bằng 0 | C16: 1. Giỏ hàng có productId=101. 2. Gọi UpdateQuantity(101,0). 3. Kiểm tra exception/message. | D16: Hệ thống trả lỗi hoặc không cho cập nhật quantity = 0. | H16: =DATEVALUE("05/26/2026") -> 46168 | I16: Pass | J16: InventoryValidationService | L16: Hồ Chí Dũng
A17: TC06 | B17: Unit Test - Không cho cập nhật số lượng âm | C17: 1. Giỏ hàng có productId=101. 2. Gọi UpdateQuantity(101,-1). 3. Kiểm tra exception/message. | D17: Hệ thống trả lỗi số lượng không hợp lệ. | H17: =DATEVALUE("05/26/2026") -> 46168 | I17: Pass | J17: InventoryValidationService | L17: Hồ Chí Dũng
A18: TC07 | B18: Unit Test - Không cho số lượng vượt tồn kho | C18: 1. Product stock=5. 2. Gọi AddItem(productId=101, quantity=10). 3. Kiểm tra kết quả validate. | D18: Hệ thống trả lỗi số lượng vượt tồn kho. | H18: =DATEVALUE("05/26/2026") -> 46168 | I18: Pass | J18: InventoryValidationService | L18: Hồ Chí Dũng
A19: TC08 | B19: Unit Test - Tính tổng tiền giỏ hàng | C19: 1. Tạo 2 item: 250000x2 và 150000x1. 2. Gọi CalculateTotal(). 3. So sánh tổng tiền. | D19: Tổng tiền = 650000. | H19: =DATEVALUE("05/26/2026") -> 46168 | I19: Pass | J19: PriceCalculationService.CalculateTotal | L19: Hồ Chí Dũng
A20: TC09 | B20: Unit Test - Tính tổng số lượng sản phẩm | C20: 1. Tạo giỏ hàng có quantity 2,3,1. 2. Gọi CountTotalQuantity(). 3. Kiểm tra kết quả. | D20: Tổng số lượng sản phẩm = 6. | H20: =DATEVALUE("05/26/2026") -> 46168 | I20: Pass | J20: CartService.CountTotalQuantity | L20: Hồ Chí Dũng
A21: TC10 | B21: Unit Test - Giỏ hàng rỗng trả về tổng tiền 0 | C21: 1. Khởi tạo giỏ hàng rỗng. 2. Gọi CalculateTotal(). 3. Kiểm tra kết quả. | D21: Tổng tiền = 0, không phát sinh exception. | H21: =DATEVALUE("05/26/2026") -> 46168 | I21: Pass | J21: PriceCalculationService | L21: Hồ Chí Dũng
A22: TC11 | B22: Unit Test - Xóa sản phẩm cuối cùng làm giỏ hàng rỗng | C22: 1. Giỏ hàng chỉ có 1 sản phẩm. 2. Gọi RemoveItem(). 3. Kiểm tra trạng thái giỏ hàng. | D22: Giỏ hàng rỗng, tổng tiền = 0. | H22: =DATEVALUE("05/26/2026") -> 46168 | I22: Pass | J22: CartService.RemoveItem | L22: Hồ Chí Dũng
A23: TC12 | B23: Unit Test - Không cho thêm sản phẩm hết hàng | C23: 1. Product stock=0. 2. Gọi AddItem(productId=101, quantity=1). 3. Kiểm tra validate. | D23: Hệ thống trả lỗi sản phẩm hết hàng. | H23: =DATEVALUE("05/26/2026") -> 46168 | I23: Pass | J23: InventoryValidationService | L23: Hồ Chí Dũng
... A26: TC15 | B26: Unit Test - Tổng tiền chính xác sau nhiều lần cập nhật | C26: 1. Thêm sản phẩm. 2. Cập nhật quantity nhiều lần. 3. Gọi CalculateTotal(). | D26: Tổng tiền cuối cùng đúng theo quantity mới nhất. | H26: =DATEVALUE("05/26/2026") -> 46168 | I26: Pass | J26: PriceCalculationService | L26: Hồ Chí Dũng
A27: 2. POSTMAN API/MVC TEST CASES - Cart endpoints / MVC routes
A28: TC16 | B28: Postman/MVC - Xem giỏ hàng hợp lệ | C28: 1. Đăng nhập tài khoản hợp lệ. 2. Gửi GET /GioHang hoặc route giỏ hàng thực tế. 3. Kiểm tra status và body response. | D28: Status 200, trang/response giỏ hàng hiển thị danh sách sản phẩm. | H28: =DATEVALUE("05/19/2026") -> 46161 | I28: Pass | J28: Nếu website dùng MVC route, thay endpoint theo Network. | L28: Hồ Chí Dũng
A29: TC17 | B29: Postman/API - Thêm sản phẩm vào giỏ hàng hợp lệ | C29: 1. Gửi POST /api/cart/add hoặc route thực tế. 2. Body có productId=101, quantity=1. 3. Kiểm tra response. | D29: Status 200/302, sản phẩm được thêm vào giỏ. | H29: =DATEVALUE("05/19/2026") -> 46161 | I29: Pass | J29: Endpoint giả định, cần chỉnh theo source/Network. | L29: Hồ Chí Dũng
A30: TC18 | B30: Postman/API - Thiếu productId khi thêm giỏ hàng | C30: 1. Gửi request add cart không có productId. 2. Có quantity=1. 3. Kiểm tra status/message. | D30: Status 400 hoặc trả thông báo thiếu productId. | H30: =DATEVALUE("05/19/2026") -> 46161 | I30: Fail | J30: Lỗi nghiêm trọng. Hệ thống đang thiếu Validate dữ liệu ở tầng Backend. Đề xuất Dev phải bổ sung kiểm tra đầu vào trước khi lưu xuống Database để tránh thất thoát số lượng | K30: BUG1_Chức năng giỏ hàng | L30: Hồ Chí Dũng
A31: TC19 | B31: Postman/API - Quantity không hợp lệ bằng 0 | C31: 1. Gửi request add/update cart với quantity=0. 2. Kiểm tra response. | D31: Status 400 hoặc thông báo số lượng không hợp lệ. | H31: =DATEVALUE("05/19/2026") -> 46161 | I31: Fail | K31: BUG2_Chức năng giỏ hàng | L31: Hồ Chí Dũng
A32: TC20 | B32: Postman/API - Quantity âm | C32: 1. Gửi request với quantity=-1. 2. Kiểm tra response. | D32: Status 400 hoặc hệ thống không cho cập nhật số lượng âm. | H32: =DATEVALUE("05/19/2026") -> 46161 | I32: Fail | K32: BUG3_Chức năng giỏ hàng | L32: Hồ Chí Dũng
A33: TC21 | B33: Postman/API - Quantity vượt tồn kho | C33: 1. Gửi productId hợp lệ, quantity lớn hơn tồn kho. 2. Kiểm tra response. | D33: Status 400 hoặc thông báo vượt tồn kho. | H33: =DATEVALUE("05/19/2026") -> 46161 | I33: Fail | K33: BUG4_Chức năng giỏ hàng | L33: Hồ Chí Dũng
A34: TC22 | B34: Postman/API - Chưa đăng nhập xem giỏ hàng | C34: 1. Xóa cookie/session. 2. Gửi request vào trang giỏ hàng. 3. Kiểm tra redirect/status. | D34: Redirect login hoặc status 401/302 tùy hệ thống. | H34: =DATEVALUE("05/19/2026") -> 46161 | I34: Fail | J34: Lỗi bảo mật. Hệ thống chưa chặn quyền truy cập API. Đề xuất thêm bộ lọc (Authorize Filter / Middleware) vào API giỏ hàng để bắt buộc người dùng phải đăng nhập mới được gọi. | K34: BUG5_Chức năng giỏ hàng | L34: Hồ Chí Dũng
A35: TC23 | B35: Postman/API - Session/token sai hoặc hết hạn | C35: 1. Gửi request với cookie/session không hợp lệ. 2. Kiểm tra status. | D35: Hệ thống không cho truy cập, redirect login hoặc trả 401/403. | H35: =DATEVALUE("05/19/2026") -> 46161 | I35: Fail | K35: BUG6_Chức năng giỏ hàng | L35: Hồ Chí Dũng
A36: TC24 | B36: Postman/API - Giỏ hàng rỗng | C36: 1. Xóa hết sản phẩm trong giỏ. 2. Gửi GET cart. 3. Kiểm tra body. | D36: Response hiển thị giỏ hàng rỗng hoặc tổng tiền = 0. | H36: =DATEVALUE("05/19/2026") -> 46161 | I36: Pass | L36: Hồ Chí Dũng
A37: TC25 | B37: Postman/API - Thêm trùng sản phẩm | C37: 1. Thêm productId=101 vào giỏ. 2. Thêm lại cùng productId. 3. Kiểm tra giỏ hàng. | D37: Không tạo dòng trùng; quantity được cộng dồn. | H37: =DATEVALUE("05/19/2026") -> 46161 | I37: Pass | L37: Hồ Chí Dũng
A38: TC26 | B38: Postman/API - Cập nhật số lượng sản phẩm | C38: 1. Gửi PUT/POST update quantity=3. 2. Kiểm tra response/body. | D38: Quantity cập nhật đúng, tổng tiền thay đổi đúng. | H38: =DATEVALUE("05/19/2026") -> 46161 | I38: Pass | L38: Hồ Chí Dũng
A39: TC27 | B39: Postman/API - Xóa một sản phẩm khỏi giỏ hàng | C39: 1. Gửi DELETE/POST remove productId=101. 2. Kiểm tra giỏ hàng. | D39: Sản phẩm bị xóa khỏi giỏ, tổng tiền cập nhật lại. | H39: =DATEVALUE("05/19/2026") -> 46161 | I39: Pass | L39: Hồ Chí Dũng
A40: TC28 | B40: Postman/API - Xóa toàn bộ giỏ hàng | C40: 1. Gửi DELETE /api/cart/clear hoặc route thực tế. 2. Kiểm tra body giỏ hàng. | D40: Giỏ hàng rỗng, tổng tiền = 0. | H40: =DATEVALUE("05/19/2026") -> 46161 | I40: Pass | L40: Hồ Chí Dũng
A41: TC29 | B41: Postman/API - Kiểm tra tổng tiền giỏ hàng | C41: 1. Giỏ hàng có nhiều sản phẩm. 2. Gửi GET total hoặc mở trang giỏ hàng. 3. So sánh tổng tiền. | D41: Tổng tiền bằng tổng đơn giá x số lượng từng item. | H41: =DATEVALUE("05/19/2026") -> 46161 | I41: Pass | L41: Hồ Chí Dũng
A42: TC30 | B42: Postman/API - Response time giỏ hàng | C42: 1. Gửi request xem giỏ hàng. 2. Đo responseTime trong Postman. | D42: Response time < 3000ms, response body không lỗi. | H42: =DATEVALUE("05/19/2026") -> 46161 | I42: Fail | J42: Server phản hồi chậm. Đề xuất tối ưu lại câu truy vấn (Query) hoặc nâng cấp Server để đảm bảo trải nghiệm khách hàng. | K42: BUG7_Chức năng giỏ hàng | L42: Hồ Chí Dũng
A43: 3. SELENIUM UI TEST CASES - Shopping Cart User Interface
A44: TC31 | B44: Selenium UI - Mở trang giỏ hàng | C44: 1. Mở website. 2. Đăng nhập nếu cần. 3. Click icon giỏ hàng. | D44: Trang giỏ hàng mở thành công, không lỗi layout. | H44: =DATEVALUE("05/29/2026") -> 46171 | I44: Pass | J44: Locator: .cart-icon, /GioHang | L44: Hồ Chí Dũng
A45: TC32 | B45: Selenium UI - Thêm sản phẩm từ trang chi tiết | C45: 1. Mở trang chi tiết sản phẩm. 2. Click Thêm vào giỏ. 3. Kiểm tra thông báo/badge. | D45: Sản phẩm được thêm, badge tăng đúng. | H45: =DATEVALUE("05/29/2026") -> 46171 | I45: Pass | J45: button.add-to-cart, .cart-badge | L45: Hồ Chí Dũng
A46: TC33 | B46: Selenium UI - Thêm sản phẩm từ danh sách sản phẩm | C46: 1. Mở trang sản phẩm. 2. Click nút thêm giỏ của một item. 3. Kiểm tra giỏ hàng. | D46: Sản phẩm xuất hiện trong giỏ. | H46: =DATEVALUE("05/29/2026") -> 46171 | I46: Fail | J46: Giao diện danh sách sản phẩm không có nút Thêm nhanh vào giỏ. | K46: BUG8_Chức năng giỏ hàng | L46: Hồ Chí Dũng
A47: TC34 | B47: Selenium UI - Thêm sản phẩm từ kết quả tìm kiếm | C47: 1. Tìm kiếm sản phẩm. 2. Chọn item trong kết quả. 3. Thêm vào giỏ. | D47: Sản phẩm đúng được thêm vào giỏ. | H47: =DATEVALUE("05/29/2026") -> 46171 | I47: Pass | J47: input[name='search'], .search-result | L47: Hồ Chí Dũng
A48: TC35 | B48: Selenium UI - Tăng số lượng bằng nút cộng | C48: 1. Vào giỏ hàng. 2. Click nút + của sản phẩm. 3. Kiểm tra quantity và tổng tiền. | D48: Quantity tăng 1, tổng tiền cập nhật đúng. | H48: =DATEVALUE("05/29/2026") -> 46171 | I48: Pass | J48: button.qty-plus | L48: Hồ Chí Dũng
A49: TC36 | B49: Selenium UI - Giảm số lượng bằng nút trừ | C49: 1. Vào giỏ hàng có quantity > 1. 2. Click nút -. 3. Kiểm tra quantity. | D49: Quantity giảm 1, không nhỏ hơn 1. | H49: =DATEVALUE("05/29/2026") -> 46171 | I49: Pass | J49: button.qty-minus | L49: Hồ Chí Dũng
A50: TC37 | B50: Selenium UI - Nhập trực tiếp số lượng hợp lệ | C50: 1. Focus ô quantity. 2. Nhập 3. 3. Click cập nhật. | D50: Quantity = 3, tổng tiền cập nhật đúng. | H50: =DATEVALUE("05/29/2026") -> 46171 | I50: Pass | J50: input[name='quantity'] | L50: Hồ Chí Dũng
A51: TC38 | B51: Selenium UI - Nhập ký tự vào ô số lượng | C51: 1. Nhập abc vào quantity. 2. Click cập nhật. | D51: Hệ thống không chấp nhận và hiển thị lỗi phù hợp. | H51: =DATEVALUE("05/29/2026") -> 46171 | I51: Pass | J51: input[name='quantity'] | L51: Hồ Chí Dũng
A52: TC39 | B52: Selenium UI - Xóa sản phẩm khỏi giỏ | C52: 1. Click nút xóa sản phẩm. 2. Xác nhận nếu có. 3. Kiểm tra danh sách. | D52: Sản phẩm biến mất khỏi giỏ. | H52: =DATEVALUE("05/29/2026") -> 46171 | I52: Pass | J52: button.remove-item | L52: Hồ Chí Dũng
A53: TC40 | B53: Selenium UI - Xóa sản phẩm cuối cùng | C53: 1. Giỏ hàng có 1 sản phẩm. 2. Click xóa. 3. Kiểm tra trạng thái. | D53: Hiển thị giỏ hàng rỗng, tổng tiền = 0. | H53: =DATEVALUE("05/29/2026") -> 46171 | I53: Pass | J53: .empty-cart | L53: Hồ Chí Dũng
A54: TC41 | B54: Selenium UI - Tổng tiền thay đổi sau cập nhật quantity | C54: 1. Ghi nhận tổng tiền ban đầu. 2. Cập nhật quantity. 3. So sánh tổng tiền mới. | D54: Tổng tiền mới đúng theo quantity mới. | H54: =DATEVALUE("05/29/2026") -> 46171 | I54: Pass | J54: .cart-total | L54: Hồ Chí Dũng
A55: TC42 | B55: Selenium UI - Badge giỏ hàng cập nhật đúng | C55: 1. Thêm sản phẩm. 2. Quan sát badge giỏ hàng. | D55: Badge tăng đúng theo số lượng sản phẩm. | H55: =DATEVALUE("05/29/2026") -> 46171 | I55: Pass | J55: .cart-badge | L55: Hồ Chí Dũng
A56: TC43 | B56: Selenium UI - Thông báo thêm thành công | C56: 1. Click thêm vào giỏ. 2. Quan sát toast/alert. | D56: Hiển thị thông báo thêm thành công. | H56: =DATEVALUE("05/29/2026") -> 46171 | I56: Pass | L56: Hồ Chí Dũng
A57: TC44 | B57: Selenium UI - Thông báo lỗi khi vượt tồn kho | C57: 1. Cập nhật quantity vượt stock. 2. Click cập nhật. | D57: Hiển thị lỗi số lượng vượt tồn kho. | H57: =DATEVALUE("05/29/2026") -> 46171 | I57: Pass | J57: .alert-danger | L57: Hồ Chí Dũng
A58: TC45 | B58: Selenium UI - Nút thanh toán khi giỏ hàng có sản phẩm | C58: 1. Vào giỏ hàng có sản phẩm. 2. Kiểm tra nút thanh toán. | D58: Nút thanh toán hiển thị và có thể click. | H58: =DATEVALUE("05/29/2026") -> 46171 | I58: Pass | J58: .checkout-button | L58: Hồ Chí Dũng
A59: TC46 | B59: Selenium UI - Không cho thanh toán khi giỏ hàng rỗng | C59: 1. Làm trống giỏ hàng. 2. Kiểm tra nút thanh toán. | D59: Nút thanh toán bị ẩn/disable hoặc hiển thị thông báo giỏ rỗng. | H59: =DATEVALUE("05/29/2026") -> 46171 | I59: Pass | J59: .checkout-button | L59: Hồ Chí Dũng
A60: TC47 | B60: Selenium UI - Mini cart hiển thị đúng nếu có | C60: 1. Hover/click icon giỏ hàng. 2. Quan sát mini cart. | D60: Mini cart hiển thị đúng sản phẩm và tổng tiền. | H60: =DATEVALUE("05/29/2026") -> 46171 | I60: Fail | J60: Giao diện hiện tại không có tính năng minicart, khi rà chuột vào biểu tượng giỏ hàng không có bảng thông tin thả xuống | K60: BUG9_Chức năng giỏ hàng | L60: Hồ Chí Dũng
A61: TC48 | B61: Selenium UI - Responsive giỏ hàng trên mobile | C61: 1. Set viewport mobile. 2. Mở trang giỏ hàng. 3. Quan sát layout. | D61: Layout không vỡ, nút bấm dễ thao tác. | H61: =DATEVALUE("05/29/2026") -> 46171 | I61: Pass | J61: Viewport 375x812 | L61: Hồ Chí Dũng
A62: TC49 | B62: Selenium UI - Responsive giỏ hàng trên tablet | C62: 1. Set viewport tablet. 2. Mở giỏ hàng. 3. Quan sát layout. | D62: Layout hiển thị phù hợp trên tablet. | H62: =DATEVALUE("05/29/2026") -> 46171 | I62: Pass | J62: Viewport 768x1024 | L62: Hồ Chí Dũng
A63: TC50 | B63: Selenium UI - Responsive giỏ hàng trên desktop | C63: 1. Set viewport desktop. 2. Mở giỏ hàng. 3. Quan sát layout. | D63: Layout đầy đủ, không chồng chữ/nút. | H63: =DATEVALUE("05/29/2026") -> 46171 | I63: Pass | J63: Viewport 1366x768 | L63: Hồ Chí Dũng
A64: 4. PERFORMANCE TEST CASES - Load / Stress / Response Time
A65: TC51 | B65: Performance - Load trang giỏ hàng | C65: 1. Dùng JMeter gửi GET trang giỏ hàng. 2. 50 users trong 1 phút. 3. Ghi response time/error rate. | D65: Response time trung bình < 3s, error rate < 1%. | H65: =DATEVALUE("05/19/2026") -> 46161 | I65: Pass | J65: Tool: JMeter/Postman Runner | L65: Hồ Chí Dũng
A66: TC52 | B66: Performance - Thêm sản phẩm nhiều lần | C66: 1. 50 users gửi request add cart. 2. Lặp 5 lần/user. 3. Theo dõi lỗi. | D66: Hệ thống xử lý ổn định, không timeout. | H66: =DATEVALUE("05/19/2026") -> 46161 | I66: Pass | L66: Hồ Chí Dũng
A67: TC53 | B67: Performance - Cập nhật quantity nhiều lần | C67: 1. 30 users cập nhật quantity. 2. Lặp liên tục 3 phút. | D67: Không crash, response time < 3s. | H67: =DATEVALUE("05/19/2026") -> 46161 | I67: Pass | L67: Hồ Chí Dũng
A68: TC54 | B68: Performance - Xóa sản phẩm nhiều lần | C68: 1. 30 users gửi remove cart. 2. Theo dõi throughput. | D68: Không phát sinh lỗi server 5xx bất thường. | H68: =DATEVALUE("05/19/2026") -> 46161 | I68: Fail | J68: Khi dùng Jmeter giả lập 30 request xóa sản phẩm nhưng giỏ hàng của user đang trống, Server không bắt lỗi mà bị Crash (Error rate 100%) | K68: BUG10_Chức năng giỏ hàng | L68: Hồ Chí Dũng
A69: TC55 | B69: Performance - Nhiều user xem giỏ hàng đồng thời | C69: 1. 100 users mở giỏ hàng. 2. Ramp-up 60s. | D69: Trang vẫn phản hồi, error rate < 1%. | H69: =DATEVALUE("05/19/2026") -> 46161 | I69: Pass | L69: Hồ Chí Dũng
A70: TC56 | B70: Performance - Nhiều user thêm giỏ đồng thời | C70: 1. 100 users thêm cùng sản phẩm. 2. Theo dõi response. | D70: Không mất request, không phát sinh lỗi lớn. | H70: =DATEVALUE("05/19/2026") -> 46161 | I70: Pass | L70: Hồ Chí Dũng
A71: TC57 | B71: Performance - Kiểm tra throughput | C71: 1. Chạy test 5 phút. 2. Ghi số request/s. | D71: Throughput ổn định, không giảm mạnh theo thời gian. | H71: =DATEVALUE("05/19/2026") -> 46161 | I71: Pass | L71: Hồ Chí Dũng
A72: TC58 | B72: Performance - Giỏ hàng nhiều sản phẩm | C72: 1. Tạo giỏ hàng 50 item. 2. Mở trang giỏ hàng. | D72: Trang tải < 3s, không vỡ layout. | H72: =DATEVALUE("05/19/2026") -> 46161 | I72: Pass | L72: Hồ Chí Dũng
A73: TC59 | B73: Performance - Kiểm tra error rate | C73: 1. Chạy collection runner 100 iterations. 2. Đếm lỗi. | D73: Error rate < 1%. | H73: =DATEVALUE("05/19/2026") -> 46161 | I73: Pass | L73: Hồ Chí Dũng
A74: TC60 | B74: Performance - Response time sau đăng nhập | C74: 1. Login. 2. Mở giỏ hàng nhiều lần. 3. Đo responseTime. | D74: Response time ổn định < 3s. | H74: =DATEVALUE("05/19/2026") -> 46161 | I74: Pass | L74: Hồ Chí Dũng
A75: 5. RELIABILITY & ENDURANCE TEST CASES - Stability / Session / Data Consistency
A76: TC61 | B76: Reliability - Thêm/xóa sản phẩm liên tục | C76: 1. Thêm và xóa sản phẩm 50 lần. 2. Kiểm tra giỏ hàng cuối. | D76: Không phát sinh dữ liệu trùng/lỗi. | H76: =DATEVALUE("05/19/2026") -> 46161 | I76: Pass | J76: Endurance | L76: Hồ Chí Dũng
A77: TC62 | B77: Reliability - Cập nhật quantity liên tục | C77: 1. Cập nhật quantity nhiều lần liên tiếp. 2. Kiểm tra tổng tiền. | D77: Tổng tiền luôn đúng theo quantity cuối. | H77: =DATEVALUE("05/19/2026") -> 46161 | I77: Pass | L77: Hồ Chí Dũng
A78: TC63 | B78: Reliability - Reload không mất giỏ hàng | C78: 1. Thêm sản phẩm. 2. Reload trang. 3. Kiểm tra giỏ hàng. | D78: Giỏ hàng vẫn giữ dữ liệu nếu business rule yêu cầu. | H78: =DATEVALUE("05/19/2026") -> 46161 | I78: Pass | L78: Hồ Chí Dũng
A79: TC64 | B79: Reliability - Đăng xuất/đăng nhập lại không mất giỏ | C79: 1. Thêm sản phẩm. 2. Đăng xuất. 3. Đăng nhập lại. | D79: Giỏ hàng vẫn giữ đúng nếu hệ thống lưu theo tài khoản. | H79: =DATEVALUE("05/19/2026") -> 46161 | I79: Fail | J79: Không lưu vào database | K79: BUG10_Chức năng giỏ hàng | L79: Hồ Chí Dũng
A80: TC65 | B80: Reliability - Double click nút thêm vào giỏ | C80: 1. Double click nhanh nút thêm. 2. Kiểm tra quantity. | D80: Không tạo dữ liệu lỗi; quantity xử lý đúng. | H80: =DATEVALUE("05/19/2026") -> 46161 | I80: Pass | L80: Hồ Chí Dũng
A81: TC66 | B81: Reliability - Double submit cập nhật quantity | C81: 1. Click cập nhật nhiều lần nhanh. 2. Kiểm tra quantity/tổng tiền. | D81: Không lỗi tổng tiền, không duplicate request gây sai dữ liệu. | H81: =DATEVALUE("05/19/2026") -> 46161 | I81: Pass | L81: Hồ Chí Dũng
A82: TC67 | B82: Reliability - Không làm tồn kho âm | C82: 1. Nhiều user thêm cùng sản phẩm gần hết hàng. 2. Kiểm tra tồn kho. | D82: Hệ thống không cho tồn kho âm. | H82: =DATEVALUE("05/19/2026") -> 46161 | I82: Pass | L82: Hồ Chí Dũng
A83: TC68 | B83: Reliability - Hai tab cùng cập nhật giỏ hàng | C83: 1. Mở 2 tab. 2. Cập nhật cart ở cả 2 tab. 3. Reload. | D83: Dữ liệu cuối đồng bộ hoặc xử lý xung đột hợp lý. | H83: =DATEVALUE("05/19/2026") -> 46161 | I83: Fail | J83: Do không lưu dữ liệu vào database nên nó không cập nhật được | K83: BUG11_Chức năng giỏ hàng | L83: Hồ Chí Dũng
A84: TC69 | B84: Reliability - Session hết hạn khi thao tác giỏ hàng | C84: 1. Để session hết hạn. 2. Click cập nhật giỏ. | D84: Hệ thống chuyển login hoặc báo hết phiên, không mất an toàn dữ liệu. | H84: =DATEVALUE("05/19/2026") -> 46161 | I84: Fail | J84: Hết session thì dữ liệu đi luôn | K84: BUG12_Chức năng giỏ hàng | L84: Hồ Chí Dũng
A85: TC70 | B85: Reliability - Không crash sau thao tác dài | C85: 1. Thao tác thêm/xóa/cập nhật trong 30 phút. 2. Theo dõi lỗi. | D85: Không crash, không xuất hiện lỗi 500 liên tục. | H85: =DATEVALUE("05/19/2026") -> 46161 | I85: Pass | L85: Hồ Chí Dũng
A86: 6. MANUAL TEST CASES - UI/UX / Visual / Business Flow
A87: TC71 | B87: Manual Test - Giao diện giỏ hàng dễ hiểu | C87: 1. Mở trang giỏ hàng. 2. Quan sát tên sản phẩm, giá, số lượng, tổng tiền. | D87: Thông tin rõ ràng, người dùng dễ hiểu. | H87: =DATEVALUE("05/30/2026") -> 46172 | I87: Pass | J87: Chụp màn hình giỏ hàng | L87: Hồ Chí Dũng
A88: TC72 | B88: Manual Test - Màu sắc, font chữ, nút bấm | C88: 1. Quan sát giao diện giỏ hàng. 2. Kiểm tra nút cập nhật/xóa/thanh toán. | D88: Màu sắc nhất quán, font dễ đọc, nút rõ chức năng. | H88: =DATEVALUE("05/30/2026") -> 46172 | I88: Pass | L88: Hồ Chí Dũng
A89: TC73 | B89: Manual Test - Thông báo khi thêm sản phẩm | C89: 1. Thêm sản phẩm vào giỏ. 2. Quan sát thông báo. | D89: Thông báo dễ hiểu, không che khuất thao tác chính. | H89: =DATEVALUE("05/30/2026") -> 46172 | I89: Pass | L89: Hồ Chí Dũng
A90: TC74 | B90: Manual Test - Trải nghiệm giỏ hàng rỗng | C90: 1. Xóa hết sản phẩm. 2. Quan sát trang giỏ hàng rỗng. | D90: Có thông báo giỏ hàng rỗng và hướng dẫn tiếp tục mua hàng. | H90: =DATEVALUE("05/30/2026") -> 46172 | I90: Pass | L90: Hồ Chí Dũng
A91: TC75 | B91: Manual Test - Luồng xem sản phẩm → thêm giỏ → thanh toán | C91: 1. Chọn sản phẩm. 2. Thêm giỏ. 3. Vào giỏ. 4. Bấm thanh toán. | D91: Luồng mượt, không gây nhầm lẫn. | H91: =DATEVALUE("05/30/2026") -> 46172 | I91: Pass | L91: Hồ Chí Dũng
A92: TC76 | B92: Manual Test - Hiển thị lỗi khi sản phẩm hết hàng | C92: 1. Chọn sản phẩm hết hàng nếu có. 2. Thử thêm vào giỏ. | D92: Thông báo hết hàng rõ ràng, không thêm được vào giỏ. | H92: =DATEVALUE("05/30/2026") -> 46172 | I92: Pass | L92: Hồ Chí Dũng
A93: TC77 | B93: Manual Test - Kiểm tra giỏ hàng trên điện thoại | C93: 1. Mở bằng responsive/mobile. 2. Thao tác thêm/xóa/cập nhật. | D93: Dễ thao tác, không vỡ layout. | H93: =DATEVALUE("05/30/2026") -> 46172 | I93: Pass | L93: Hồ Chí Dũng
A94: TC78 | B94: Manual Test - Kiểm tra giỏ hàng trên tablet/laptop | C94: 1. Mở giỏ hàng trên nhiều kích thước màn hình. 2. Quan sát layout. | D94: Layout phù hợp, không tràn nội dung. | H94: =DATEVALUE("05/30/2026") -> 46172 | I94: Pass | L94: Hồ Chí Dũng
A95: TC79 | B95: Manual Test - Tổng tiền hiển thị dễ hiểu | C95: 1. Giỏ hàng có nhiều sản phẩm. 2. Quan sát đơn giá, số lượng, tổng tiền. | D95: Tổng tiền dễ hiểu, định dạng tiền tệ đúng. | H95: =DATEVALUE("05/30/2026") -> 46172 | I95: Pass | L95: Hồ Chí Dũng
A96: TC80 | B96: Manual Test - Trải nghiệm tổng thể trước checkout | C96: 1. Thao tác toàn bộ giỏ hàng trước thanh toán. 2. Đánh giá trải nghiệm. | D96: Người dùng hiểu rõ sản phẩm, số lượng, tổng tiền trước khi checkout. | H96: =DATEVALUE("05/30/2026") -> 46172 | I96: Pass | L96: Hồ Chí Dũng

Sheet Chức năng Quản lý tài khoản
A1: TEST CASE
A3: System Name： | B3: Nupakachi Shop - Online Shopping Website
A4: Module Code： | B4: TV1 - Quản lý tài khoản
A5: Test requirement: | B5: Quản lý tài khoản (Đăng ký, Đăng nhập, Đăng xuất)
A6: Pass | B6: =COUNTIF(I12:I96,"Pass") -> 44 | C6: Pending | D6: =COUNTIF(I12:I96,"Pending") -> 3
A7: Fail | B7: =COUNTIF(I12:I96,"Fail") -> 23 | C7: Number of test cases: | D7: =COUNTIF(A12:A96,"*TC*") -> 70 | F7: By:Trần Quốc Trường
A9: ID | B9: Test Case Description | C9: Test Case Procedure | D9: Expected Output | H9: Test date | I9: Result | J9: Note | K9: BUG ID | L9: Tester
A11: 1. Đăng kí tài khoản
A12: TC01 | B12: Đăng ký thành công với dữ liệu hợp lệ | C12: 1. Nhập Tên KH: 'Nguyễn Văn A'. 2. Nhập SĐT: '0901234567'. 3. Nhập Tên đăng nhập: 'user123'. 4. Nhập Mật khẩu: 'Password123!'. 5. Nhập Xác nhận MK: 'Abc@13'. 6. Nhập Email: 'test@gmail.com'. 7. Nhấn 'Đăng ký'. | D12: Đăng ký thành công, hệ thống lưu dữ liệu và chuyển hướng đến trang Đăng nhập. | H12: 46137 | I12: Pass | L12: Trần Quốc Trường
A13: TC02 | B13: Đăng ký bỏ trống 'Tên Khách hàng' | C13: 1. Để trống Tên KH 2. Điền hợp lệ các trường khác. 3. Nhấn 'Đăng ký'. | D13: Hệ thống yêu cầu đăng kí lại từ đầu. Không lưu dữ liệu. | H13: 46137 | I13: Pass | L13: Trần Quốc Trường
A14: TC03 | B14: Đăng ký bỏ trống 'Số điện thoại Khách hàng' | C14: 1. Để trống SĐT 2. Điền hợp lệ các trường khác. 3. Nhấn 'Đăng ký'. | D14: Hệ thống yêu cầu đăng kí lại từ đầu. Không lưu dữ liệu. | H14: 46137 | I14: Pass | L14: Trần Quốc Trường
A15: TC04 | B15: Đăng ký bỏ trống 'Tên đăng nhập' | C15: 1. Để trống Tên đăng nhập 2. Điền hợp lệ các trường khác. 3. Nhấn 'Đăng ký'. | D15: Hệ thống yêu cầu đăng kí lại từ đầu. Không lưu dữ liệu. | H15: 46137 | I15: Pass | L15: Trần Quốc Trường
A16: TC05 | B16: Đăng ký bỏ trống 'Mật khẩu' | C16: 1. Để trống Mật khẩu 2. Điền hợp lệ các trường khác. 3. Nhấn 'Đăng ký'. | D16: Hệ thống yêu cầu đăng kí lại từ đầu. Không lưu dữ liệu. | H16: 46137 | I16: Pass | L16: Trần Quốc Trường
A17: TC06 | B17: Đăng ký bỏ trống 'Xác nhận mật khẩu' | C17: 1. Để trống Xác nhận MK 2. Điền hợp lệ các trường khác. 3. Nhấn 'Đăng ký'. | D17: Hệ thống yêu cầu đăng kí lại từ đầu. Không lưu dữ liệu. | H17: 46137 | I17: Pass | L17: Trần Quốc Trường
A18: TC07 | B18: Đăng ký bỏ trống 'Email' | C18: 1. Để trống Email 2. Điền hợp lệ các trường khác. 3. Nhấn 'Đăng ký'. | D18: Hệ thống yêu cầu đăng kí lại từ đầu. Không lưu dữ liệu. | H18: 46137 | I18: Pass | L18: Trần Quốc Trường
A19: TC08 | B19: Đăng ký bỏ trống toàn bộ form | C19: 1. Để trống tất cả 6 trường. 2. Nhấn 'Đăng ký'. | D19: Hệ thống yêu cầu đăng kí lại từ đầu. Không lưu dữ liệu. | H19: 46137 | I19: Pass | L19: Trần Quốc Trường
A20: TC09 | B20: Nhập 'Tên Khách hàng' chứa chữ số | C20: 1. Nhập Tên KH: 'Nguyễn Văn 123'. 2. Điền hợp lệ các trường khác. 3. Nhấn 'Đăng ký'. | D20: Hệ thống yêu cầu đăng kí lại từ đầu. Không lưu dữ liệu. | H20: 46137 | I20: Pass | L20: Trần Quốc Trường
A21: TC10 | B21: Nhập 'Tên Khách hàng' chứa ký tự đặc biệt | C21: 1. Nhập Tên KH: 'Nguyễn @!'. 2. Điền hợp lệ các trường khác. 3. Nhấn 'Đăng ký'. | D21: Hệ thống yêu cầu đăng kí lại từ đầu. Không lưu dữ liệu. | H21: 46137 | I21: Pass | L21: Trần Quốc Trường
A22: TC11 | B22: Nhập 'Số điện thoại' chứa chữ cái | C22: 1. Nhập SĐT: '0901abc234'. 2. Điền hợp lệ các trường khác. 3. Nhấn 'Đăng ký'. | D22: Hệ thống yêu cầu đăng kí lại từ đầu. Không lưu dữ liệu. | H22: 46137 | I22: Pass | L22: Trần Quốc Trường
A23: TC12 | B23: Nhập 'Số điện thoại' thiếu số (< 10 số) | C23: 1. Nhập SĐT: '090123456'. 2. Điền hợp lệ các trường khác. 3. Nhấn 'Đăng ký'. | D23: Hệ thống yêu cầu đăng kí lại từ đầu. Không lưu dữ liệu. | H23: 46137 | I23: Pass | L23: Trần Quốc Trường
A24: TC13 | B24: Nhập 'Số điện thoại' thừa số (> 10 số) | C24: 1. Nhập SĐT: '09012345678'. 2. Điền hợp lệ các trường khác. 3. Nhấn 'Đăng ký' | D24: Hệ thống yêu cầu đăng kí lại từ đầu. Không lưu dữ liệu. | H24: 46137 | I24: Pass | L24: Trần Quốc Trường
A25: TC14 | B25: Nhập 'Số điện thoại' đã tồn tại | C25: 1. Nhập SĐT đã có trong DB. 2. Điền hợp lệ các trường khác. 3. Nhấn 'Đăng ký'. | D25: Hệ thống yêu cầu đăng kí lại từ đầu. Không lưu dữ liệu. | H25: 46137 | I25: Fail | J25: Hệ thống không xử lý được request | K25: BUG1_Quản lý Tài khoản | L25: Trần Quốc Trường
A26: TC15 | B26: Nhập 'Tên đăng nhập' chứa khoảng trắng | C26: 1. Nhập Tên đăng nhập: 'user name'. 2. Điền hợp lệ các trường khác. 3. Nhấn 'Đăng ký'. | D26: Hệ thống yêu cầu đăng kí lại từ đầu. Không lưu dữ liệu. | H26: 46137 | I26: Pass | L26: Trần Quốc Trường
A27: TC16 | B27: Nhập 'Tên đăng nhập' bằng Tiếng Việt có dấu | C27: 1. Nhập Tên đăng nhập: 'người_dùng'. 2. Điền hợp lệ các trường khác. 3. Nhấn 'Đăng ký'. | D27: Hệ thống yêu cầu đăng kí lại từ đầu. Không lưu dữ liệu. | H27: 46137 | I27: Pass | L27: Trần Quốc Trường
A28: TC17 | B28: Nhập 'Tên đăng nhập' đã tồn tại trong DB | C28: 1. Nhập Tên đăng nhập của tài khoản đã tồn tại. 2. Điền hợp lệ các trường khác. 3. Nhấn 'Đăng ký'. | D28: Hệ thống yêu cầu đăng kí lại từ đầu. Không lưu dữ liệu. | H28: 46137 | I28: Fail | J28: Hệ thống không xử lý được request | K28: BUG2_Quản lý Tài khoản | L28: Trần Quốc Trường
A29: TC18 | B29: Nhập 'Mật khẩu' quá ngắn (< 6 ký tự) | C29: 1. Nhập Mật khẩu: '12345'. 2. Nhập Xác nhận MK: '12345'. 3. Điền hợp lệ các trường khác. 4. Nhấn 'Đăng ký'. | D29: Hệ thống yêu cầu đăng kí lại từ đầu. Không lưu dữ liệu. | H29: 46137 | I29: Pass | L29: Trần Quốc Trường
A30: TC19 | B30: Nhập 'Xác nhận mật khẩu' không khớp | C30: 1. Nhập MK: 'Abc@123'. 2. Nhập Xác nhận MK: 'Abc@124'. 3. Điền hợp lệ các trường khác. 4. Nhấn 'Đăng ký'. | D30: Hệ thống yêu cầu đăng kí lại từ đầu. Không lưu dữ liệu. | H30: 46137 | I30: Pass | L30: Trần Quốc Trường
A31: TC20 | B31: Nhập 'Email' sai định dạng (thiếu @) | C31: 1. Nhập Email: 'nvagmail.com'. 2. Điền hợp lệ các trường khác. 3. Nhấn 'Đăng ký'. | D31: Hệ thống báo lỗi định dạng Email không hợp lệ. | H31: 46137 | I31: Pass | L31: Trần Quốc Trường
A32: TC21 | B32: Nhập 'Email' sai định dạng (thiếu domain) | C32: 1. Nhập Email: 'nva@.com' hoặc 'nva@gmail'. 2. Điền hợp lệ các trường khác. 3. Nhấn 'Đăng ký'. | D32: Hệ thống báo lỗi định dạng Email không hợp lệ. | H32: 46137 | I32: Pass | L32: Trần Quốc Trường
A33: TC22 | B33: Nhập 'Email' đã tồn tại trong hệ thống | C33: 1. Nhập Email đã có trong DB. 2. Điền hợp lệ các trường khác. 3. Nhấn 'Đăng ký'. | D33: Hệ thống báo lỗi. | H33: 46137 | I33: Fail | J33: Hệ thống không xử lý được request | K33: BUG3_Quản lý Tài khoản | L33: Trần Quốc Trường
A34: TC23 | B34: Nhập 'Email' có khoảng trắng thừa ở đầu/cuối | C34: 1. Nhập Email: ' nva@gmail.com '. 2. Điền hợp lệ các trường khác. 3. Nhấn 'Đăng ký'. | D34: Đăng ký thành công, hệ thống tự động loại bỏ khoảng trắng dư thừa. | H34: 46137 | I34: Pass | L34: Trần Quốc Trường
A35: TC24 | B35: Kiểm tra độ dài tối đa của 'Tên Khách hàng' | C35: 1. Nhập Tên KH dài 256 ký tự. 2. Điền hợp lệ các trường khác. 3. Nhấn 'Đăng ký'. | D35: Hệ thống báo lỗi. | H35: 46137 | I35: Pass | L35: Trần Quốc Trường
A36: TC25 | B36: Nhập 'Tên đăng nhập' quá ngắn (< 3 ký tự) | C36: 1. Nhập Tên đăng nhập: 'ab'. 2. Điền hợp lệ các trường khác. 3. Nhấn 'Đăng ký'. | D36: Đăng ký thành công, hệ thống lưu dữ liệu và chuyển hướng đến trang Đăng nhập. | H36: 46137 | I36: Pass | L36: Trần Quốc Trường
A37: TC26 | B37: Submit form bằng phím Enter | C37: 1. Điền đầy đủ thông tin hợp lệ vào 6 trường. 2. Nhấn phím Enter thay vì click chuột. | D37: Đăng ký thành công, hệ thống lưu dữ liệu và chuyển hướng đến trang Đăng nhập. | H37: 46137 | I37: Fail | J37: Lỗi: Form không tự submit khi nhấn phím Enter | K37: BUG4_Quản lý Tài khoản | L37: Trần Quốc Trường
A38: TC27 | B38: Kiểm tra hiển thị ký tự ẩn (Masking) tại ô 'Mật khẩu' và 'Xác nhận mật khẩu' | C38: 1. Click vào ô 'Mật khẩu'. 2. Nhập chuỗi ký tự bất kỳ (VD: 'Abc@123'). 3. Chuyển sang ô 'Xác nhận mật khẩu' và nhập tương tự. 4. Quan sát hiển thị trên màn hình. | D38: Ký tự nhập vào bị ẩn thành dấu chấm (•) hoặc sao (*) để bảo mật, không hiện rõ chữ. | H38: 46137 | I38: Fail | J38: Lỗi bảo mật: Ký tự ô mật khẩu hiển thị ở dạng text thường | K38: BUG5_Quản lý Tài khoản | L38: Trần Quốc Trường
A39: TC28 | B39: Kiểm tra thao tác dán (Paste) dữ liệu vào ô 'Xác nhận mật khẩu' | C39: 1. Nhập mật khẩu hợp lệ vào ô 'Mật khẩu'. 2. Bôi đen và thực hiện lệnh Copy (Ctrl+C). 3. Click chuột vào ô 'Xác nhận mật khẩu' và thực hiện lệnh Dán (Ctrl+V). | D39: Hệ thống chặn thao tác Dán (Paste) để bắt buộc người dùng tự gõ lại xác nhận. | H39: 46137 | I39: Fail | J39: Cảnh báo bảo mật: Giao diện vẫn cho phép dán (paste) mật khẩu | K39: BUG6_Quản lý Tài khoản | L39: Trần Quốc Trường
A40: TC29 | B40: Đăng ký với 'Tên Khách hàng' quá ngắn (1 ký tự) | C40: 1. Nhập Tên KH: 'A'. 2. Nhập thông tin hợp lệ cho 5 trường còn lại. 3. Nhấn nút 'Đăng ký'. | D40: Đăng ký thành công, hệ thống lưu dữ liệu và chuyển hướng đến trang Đăng nhập. | H40: 46137 | I40: Pass | L40: Trần Quốc Trường
A41: TC30 | B41: Đăng ký với 'Tên đăng nhập' trùng lặp nhưng khác biệt về chữ hoa/chữ thường | C41: 1. Giả sử trong cơ sở dữ liệu đã tồn tại Tên đăng nhập là nguyenvana. 2. Điền Tên đăng nhập mới là NGUYENVANA. 3. Điền hợp lệ các trường còn lại. 4. Nhấn nút 'Đăng ký'. | D41: Hệ thống yêu cầu đăng kí lại từ đầu. Không lưu dữ liệu. | H41: 46137 | I41: Pass | L41: Trần Quốc Trường
A42: TC31 | B42: Đăng ký với Email viết hoa | C42: 1. Nhập Email: 'NVA@GMAIL.COM'. 2. Điền hợp lệ các trường khác. 3. Nhấn 'Đăng ký'. | D42: Đăng ký thành công, hệ thống lưu dữ liệu và chuyển hướng đến trang Đăng nhập. | H42: 46137 | I42: Pass | L42: Trần Quốc Trường
A43: TC32 | B43: Kiểm tra 'Số điện thoại' với các đầu số VN | C43: 1. Nhập SĐT hợp lệ (VD: 03x, 09x, 07x). 2. Điền hợp lệ các trường khác. 3. Nhấn 'Đăng ký'. | D43: Đăng ký thành công với tất cả các đầu số nhà mạng Việt Nam. | H43: 46137 | I43: Pass | L43: Trần Quốc Trường
A44: TC33 | B44: Nhập 'Mật khẩu' quá dài (> 100 ký tự) | C44: 1. Nhập Mật khẩu dài 100 ký tự. 2. Nhập Xác nhận MK tương tự. 3. Nhấn 'Đăng ký'. | D44: Hệ thống báo lỗi Mật khẩu vượt quá độ dài tối đa (nếu có giới hạn). | H44: 46137 | I44: Pass | L44: Trần Quốc Trường
A45: TC34 | B45: Đăng ký với 'Email' có tên miền cấp cao (TLD) không hợp lệ | C45: 1. Nhập Email: 'nva@gmail.abcxyz'. 2. Điền hợp lệ 5 trường còn lại trên form. 3. Nhấn nút 'Đăng ký'. | D45: Đăng ký thành công, hệ thống lưu dữ liệu và chuyển hướng đến trang Đăng nhập. | H45: 46137 | I45: Pass | L45: Trần Quốc Trường
A46: TC35 | B46: Xử lý ký tự Emoji lưu vào Database | C46: 1. Nhập Tên KH có chứa Emoji (VD: Nguyễn A 😊). 2. Nhập hợp lệ các trường còn lại. 3. Nhấn 'Đăng ký'. | D46: Đăng ký thành công, hệ thống lưu dữ liệu và chuyển hướng đến trang Đăng nhập. | H46: 46137 | I46: Fail | J46: Hệ thống không xử lý được request | K46: BUG7_Quản lý Tài khoản | L46: Trần Quốc Trường
A47: TC36 | B47: Kiểm tra biên giới hạn tuyệt đối của Tên đăng nhập | C47: 1. Nhập Tên đăng nhập dài đúng bằng mức tối đa (VD: 50 ký tự). 2. Điền hợp lệ các trường khác 3. Nhấn 'Đăng ký'. | D47: Đăng ký thành công, hệ thống lưu dữ liệu và chuyển hướng đến trang Đăng nhập. | H47: 46137 | I47: Pass | L47: Trần Quốc Trường
A48: TC37 | B48: Race Condition (Đăng ký đồng thời) | C48: 1. Mở 2 tab, nhập cùng 1 form đăng ký mới. 2. Bấm 'Đăng ký' cùng lúc ở 2 tab. | D48: Chỉ 1 bên đăng ký thành công, bên kia báo lỗi trùng. | H48: 46137 | I48: Pending | L48: Trần Quốc Trường
A49: TC38 | B49: Xóa khoảng trắng ở giữa Số điện thoại | C49: 1. Nhập SĐT có khoảng trắng (VD: 090 123 4567). 2. Điền hợp lệ các trường khác. 3. Nhấn 'Đăng ký'. | D49: Tự động xóa khoảng trắng để lưu thành công, hoặc báo lỗi SĐT | H49: 46137 | I49: Pass | L49: Trần Quốc Trường
A50: TC39 | B50: Tên đăng nhập chỉ toàn chữ số | C50: 1. Nhập Tên đăng nhập chỉ chứa số (VD: 12345678) 2. Điền hợp lệ các ô khác. 3. Nhấn 'Đăng ký'. | D50: Đăng ký thành công, hệ thống lưu dữ liệu và chuyển hướng đến trang Đăng nhập. | H50: 46137 | I50: Pass | L50: Trần Quốc Trường
A51: TC40 | B51: Tên Khách hàng chứa ký tự ngoại ngữ | C51: 1. Nhập SĐT bắt đầu bằng mã quốc gia (VD: +84901234567). 2. Điền hợp lệ các ô khác. 3. Nhấn 'Đăng ký'. | D51: Tự động chuyển thành 0901234567 để lưu, hoặc báo lỗi định dạng SĐT. | H51: 46137 | I51: Pass | L51: Trần Quốc Trường
A52: TC41 | B52: Đăng ký với Email chứa dấu cộng (+) | C52: 1. Nhập Email dạng Alias (VD: nva+test@gmail.com). 2. Điền hợp lệ các ô khác. 3. Nhấn 'Đăng ký'. | D52: Đăng ký thành công (Hệ thống hỗ trợ chuẩn RFC của Email). | H52: 46137 | I52: Pass | L52: Trần Quốc Trường
A53: TC42 | B53: Đăng ký với 'Mật khẩu' có chứa ký tự khoảng trắng (Space) ở giữa | C53: 1. Nhập Mật khẩu: 'Abc 1234'. 2. Nhập Xác nhận MK: 'Abc 1234'. 3. Điền hợp lệ 4 trường còn lại trên form. 4. Nhấn nút 'Đăng ký'. | D53: Đăng ký thành công, hệ thống lưu dữ liệu và chuyển hướng đến trang Đăng nhập. | H53: 46137 | I53: Pass | L53: Trần Quốc Trường
A54: 2. Đăng nhập tài khoản
A55: TC43 | B55: Đăng nhập thành công bằng Tên đăng nhập | C55: 1. Nhập Tên đăng nhập hợp lệ. 2. Nhập Mật khẩu đúng. 3. Nhấn nút 'Đăng nhập'. | D55: Đăng nhập thành công, hệ thống chuyển hướng người dùng vào Trang chủ/Dashboard. | H55: 46137 | I55: Pass | L55: Trần Quốc Trường
A56: TC44 | B56: Đăng nhập thành công bằng Email | C56: 1. Nhập Email hợp lệ. 2. Nhập Mật khẩu đúng 3. Nhấn nút 'Đăng nhập'. | D56: Đăng nhập thành công, hệ thống chuyển hướng người dùng vào Trang chủ/Dashboard. | H56: 46137 | I56: Pass | L56: Trần Quốc Trường
A57: TC45 | B57: Đăng nhập bằng phím Enter | C57: 1. Điền thông tin hợp lệ vào 2 ô. 2. Nhấn phím Enter trên bàn phím. | D57: Đăng nhập thành công, hệ thống chuyển hướng người dùng vào Trang chủ/Dashboard. | H57: 46137 | I57: Fail | J57: Form không tự submit khi nhấn phím Enter | K57: BUG8_Quản lý Tài khoản | L57: Trần Quốc Trường
A58: TC46 | B58: Đăng nhập không phân biệt chữ hoa/thường ở ô Tài khoản | C58: 1. Tên đăng nhập là nguyenvana. 2. Nhập NGUYENVANA và Mật khẩu đúng. 3. Nhấn 'Đăng nhập'. | D58: Đăng nhập thành công (Tên đăng nhập và Email không được phân biệt hoa/thường). | H58: 46137 | I58: Pass | L58: Trần Quốc Trường
A59: TC47 | B59: Đăng nhập với khoảng trắng thừa ở Tài khoản | C59: 1. Nhập Email/Tên đăng nhập có chứa dấu cách ở 2 đầu (VD: admin). 2. Nhập Mật khẩu đúng. 3. Nhấn 'Đăng nhập'. | D59: Đăng nhập thành công, hệ thống tự động cắt bỏ khoảng trắng dư thừa | H59: 46137 | I59: Pass | L59: Trần Quốc Trường
A60: TC48 | B60: Đăng nhập khi bỏ trống toàn bộ form | C60: 1. Để trống cả 2 ô nhập liệu. 2. Nhấn 'Đăng nhập'. | D60: Báo lỗi yêu cầu điền đầy đủ thông tin, không gửi request lên server. | H60: 46137 | I60: Fail | J60: Frontend không chặn việc để trống toàn bộ form | K60: BUG9_Quản lý Tài khoản | L60: Trần Quốc Trường
A61: TC49 | B61: Đăng nhập khi bỏ trống ô Tài khoản | C61: 1. Để trống ô Tên đăng nhập/Email. 2. Nhập Mật khẩu. 3. Nhấn 'Đăng nhập'. | D61: Đăng nhập lại từ đầu | H61: 46137 | I61: Fail | J61: Giao diện không báo lỗi khi bỏ trống trường Tài khoản | K61: BUG10_Quản lý Tài khoản | L61: Trần Quốc Trường
A62: TC50 | B62: Đăng nhập khi bỏ trống Mật khẩu | C62: 1. Nhập Tên đăng nhập/Email. 2. Để trống ô Mật khẩu. 3. Nhấn 'Đăng nhập'. | D62: Đăng nhập lại từ đầu | H62: 46137 | I62: Fail | J62: Giao diện không báo lỗi khi bỏ trống trường Mật khẩu | K62: BUG11_Quản lý Tài khoản | L62: Trần Quốc Trường
A63: TC51 | B63: Sai Tên đăng nhập hoặc Email | C63: 1. Nhập Tên đăng nhập/Email chưa từng đăng ký. 2. Nhập Mật khẩu bất kỳ. 3. Nhấn 'Đăng nhập'. | D63: Đăng nhập lại từ đầu | H63: 46137 | I63: Fail | J63: Hệ thống không xử lý được request | K63: BUG12_Quản lý Tài khoản | L63: Trần Quốc Trường
A64: TC52 | B64: Sai Mật khẩu | C64: 1. Nhập Tên đăng nhập/Email đúng. 2. Nhập sai Mật khẩu. 3. Nhấn 'Đăng nhập'. | D64: Đăng nhập lại từ đầu | H64: 46137 | I64: Fail | J64: Hệ thống không xử lý được request | K64: BUG13_Quản lý Tài khoản | L64: Trần Quốc Trường
A65: TC53 | B65: Đăng nhập với khoảng trắng thừa ở Mật khẩu | C65: 1. Nhập Mật khẩu đúng nhưng thêm dấu cách ở cuối (VD: Abc123 ). 2. Nhấn 'Đăng nhập'. | D65: Đăng nhập thành công, hệ thống chuyển hướng người dùng vào Trang chủ/Dashboard. | H65: 46137 | I65: Pass | L65: Trần Quốc Trường
A66: TC54 | B66: Đăng nhập phân biệt chữ hoa/thường ở ô Mật khẩu | C66: 1. Mật khẩu đúng là Abc123. 2. Nhập abc123 (viết thường chữ A). 3. Nhấn 'Đăng nhập'. | D66: Đăng nhập thất bại do sai mật khẩu (Mật khẩu bắt buộc phải phân biệt hoa/thường). | H66: 46137 | I66: Pass | L66: Trần Quốc Trường
A67: TC55 | B67: Truy cập trang Login khi đã đăng nhập | C67: 1. Đã đăng nhập thành công vào hệ thống. 2. Gõ trực tiếp URL của trang Đăng nhập trên thanh địa chỉ. | D67: Hệ thống nhận diện đã có phiên làm việc và tự động chuyển hướng về Trang chủ. | H67: 46137 | I67: Pass | L67: Trần Quốc Trường
A68: TC56 | B68: Đăng nhập bằng Email có chứa ký tự đặc biệt hợp lệ | C68: 1. Nhập Email có dấu chấm, cộng, gạch ngang hợp lệ (VD: a+test@gmail.com). 2. Nhập Mật khẩu đúng. 3. Nhấn 'Đăng nhập'. | D68: Đăng nhập thành công, hệ thống chuyển hướng người dùng vào Trang chủ/Dashboard. | H68: 46137 | I68: Pass | L68: Trần Quốc Trường
A69: TC57 | B69: Dán (Paste) Mật khẩu bằng thao tác chuột phải | C69: 1. Nhập Tên đăng nhập hợp lệ. 2. Copy mật khẩu, click chuột phải dán vào ô Mật khẩu. 3. Nhấn 'Đăng nhập'. | D69: Đăng nhập thành công, hệ thống chuyển hướng người dùng vào Trang chủ/Dashboard. | H69: 46137 | I69: Fail | J69: Cảnh báo bảo mật: Giao diện vẫn cho phép dán (paste) mật khẩu | K69: BUG14_Quản lý Tài khoản | L69: Trần Quốc Trường
A70: TC58 | B70: Đăng nhập bằng tài khoản đã bị khóa | C70: 1. Nhập Tên ĐN/Email của tài khoản đã bị khóa. 2. Nhập Mật khẩu đúng. 3. Nhấn 'Đăng nhập'. | D70: Đăng nhập lại từ đầu | H70: 46137 | I70: Fail | J70: Hệ thống không xử lý được request | K70: BUG15_Quản lý Tài khoản | L70: Trần Quốc Trường
A71: TC59 | B71: Tấn công XSS vào ô Tên đăng nhập | C71: 1. Nhập mã độc XSS vào ô Tên đăng nhập. 2. Nhập Mật khẩu bất kỳ. 3. Nhấn 'Đăng nhập'. | D71: Đăng nhập lại từ đầu | H71: 46137 | I71: Pass | L71: Trần Quốc Trường
A72: TC60 | B72: Nhập chuỗi ký tự quá dài (Buffer Overflow) | C72: 1. Paste chuỗi dài 1000 ký tự vào ô Tên đăng nhập. 2. Nhập Mật khẩu. 3. Nhấn 'Đăng nhập'. | D72: Đăng nhập lại từ đầu | H72: 46137 | I72: Pass | L72: Trần Quốc Trường
A73: TC61 | B73: Mất kết nối Internet khi nhấn Đăng nhập | C73: 1. Nhập đúng thông tin. 2. Ngắt kết nối mạng (Wifi/LAN). 3. Nhấn 'Đăng nhập'. | D73: Trình duyệt báo lỗi mạng, form không bị treo (loading) vô hạn | H73: 46137 | I73: Fail | J73: Error | K73: BUG16_Quản lý Tài khoản | L73: Trần Quốc Trường
A74: TC62 | B74: Đăng nhập bằng tài khoản đã bị xóa | C74: 1. Nhập Tên ĐN/Email của tài khoản đã bị Admin xóa khỏi hệ thống. 2. Nhập Mật khẩu đúng (trước khi bị xóa). 3. Nhấn 'Đăng nhập'. | D74: Đăng nhập lại từ đầu | H74: 46137 | I74: Fail | J74: Hệ thống không xử lý được request | K74: BUG17_Quản lý Tài khoản | L74: Trần Quốc Trường
A75: 3. Đăng xuất tài khoản
A76: TC63 | B76: Click đúp/Spam nút Đăng xuất | C76: 1. Đang đăng nhập. 2. Click thật nhanh 2-3 lần vào nút 'Đăng xuất' | D76: Hệ thống xử lý mượt mà, chuyển trang bình thường. | H76: 46137 | I76: Fail | J76: Lỗi: Hệ thống gặp lỗi hoặc không thể xử lý khi bị spam nút Đăng xuất | K76: BUG18_Quản lý Tài khoản | L76: Trần Quốc Trường
A77: TC64 | B77: Đăng nhập lại ngay lập tức | C77: 1. Đăng xuất thành công khỏi hệ thống. 2. Tiến hành đăng nhập lại bằng chính tài khoản đó. | D77: Đăng nhập thành công, tạo một phiên làm việc (Session ID) hoàn toàn mới. | H77: 46137 | I77: Fail | J77: Lỗi: Hệ thống không cho phép đăng nhập lại ngay lập tức sau khi vừa logout. | K77: BUG19_Quản lý Tài khoản | L77: Trần Quốc Trường
A78: TC65 | B78: Kiểm tra giao diện (UI) sau khi đăng xuất | C78: 1. Đang đăng nhập (hiện Avatar/Tên user). 2. Nhấn Đăng xuất. 3. Quan sát thanh Menu/Header. | D78: Avatar/Tên user biến mất, hiển thị lại các nút 'Đăng nhập' và 'Đăng ký'. | H78: 46137 | I78: Fail | J78: Lỗi: Sau khi đăng xuất, thanh điều hướng không cập nhật lại giao diện | K78: BUG20_Quản lý Tài khoản | L78: Trần Quốc Trường
A79: TC66 | B79: Đăng xuất hợp lệ (Happy Path) | C79: 1. Đang ở trạng thái đăng nhập. 2. Nhấn nút/link 'Đăng xuất' trên menu. | D79: Xóa phiên làm việc, chuyển hướng về Trang chủ. | H79: 46137 | I79: Fail | J79: Lỗi: Bấm nút Đăng xuất nhưng không chuyển hướng về trang Login | K79: BUG21_Quản lý Tài khoản | L79: Trần Quốc Trường
A80: TC67 | B80: Đăng xuất khi đang mở nhiều tab (Multi-tab) | C80: 1. Mở hệ thống trên Tab 1 và Tab 2. 2. Nhấn Đăng xuất ở Tab 1. 3. Sang Tab 2, nhấn F5 hoặc click một liên kết | D80: Tab 2 lập tức bị văng ra, yêu cầu đăng nhập lại do session đã bị hủy ở Tab 1. | H80: 46137 | I80: Fail | J80: Lỗi: Không đồng bộ trạng thái đăng xuất trên nhiều Tab | K80: BUG22_Quản lý Tài khoản | L80: Trần Quốc Trường
A81: 4. Kiểm thử tính bền bỉ - Concurrent users
A82: TC68 | B82: Kiểm tra tính toàn vẹn khi ngắt kết nối đột ngột | C82: 1. Bấm 'Đăng ký' hoặc 'Đăng nhập'. 2. Rút mạng internet ngay lập tức. | D82: Trình duyệt báo lỗi mạng, không tạo ra data rác (hoặc login ảo) trên Server. | H82: 46137 | I82: Fail | J82: Error | K82: BUG23_Quản lý Tài khoản | L82: Trần Quốc Trường
A83: TC69 | B83: Đăng nhập và Đăng xuất liên tiếp (Loop) | C83: Chạy script tự động: Login -> Logout, lặp lại 100 lần cho 1 user. | D83: Không bị tràn bộ nhớ session, hệ thống xử lý ổn định cả 100 lần. | H83: 46137 | I83: Pending | L83: Trần Quốc Trường
A84: TC70 | B84: Tải (Load test) trang Đăng nhập | C84: Dùng JMeter giả lập 100 người dùng truy cập trang /login cùng lúc. | D84: Thời gian phản hồi trang (Response time) < 2 giây, không lỗi 500. | H84: 46137 | I84: Pending | L84: Trần Quốc Trường

Sheet Chức năng thanh toán
A1: TEST CASE
A3: System Name： | B3: Nupakachi Shop - Online Shopping Website
A4: Module Code： | B4: CR500 - Reporting & System Reliability
A5: Test requirement: | B5: CR7_Thanh toán
A6: Pass | B6: =COUNTIF(G12:G96,"Pass") -> 47 | C6: Pending | D6: =COUNTIF(G12:G96,"Pending") -> 0 | F6: By: La Thuận Phát
A7: Fail | B7: =COUNTIF(G12:G96,"Fail") -> 23 | C7: Number of test cases: | D7: =COUNTIF(A12:A96,"*TC*") -> 70
A9: ID | B9: Test Case Description | C9: Test Case Procedure | D9: Expected Output | F9: Test date | G9: Result | H9: Note | I9: BUG ID | J9: Tester
A11: Nhóm UI/UX
A12: TC01 | B12: Trạng thái Loading của nút Đặt hàng | C12: 1. Điền đầy đủ thông tin hợp lệ. 2. Bấm vào btn 'Đặt hàng'. | D12: Nút 'Đặt hàng' bị mờ đi (disable) và hiển thị icon loading vòng tròn. | F12: 46175 | G12: Pass | J12: La Thuận Phát
A13: TC02 | B13: Autofill thông tin tài khoản | C13: 1. Đăng nhập vào tài khoản. 2. Điều hướng vào trang Checkout. | D13: Các field Tên, SĐT, Địa chỉ tự động được điền data đã lưu của user. | F13: 46175 | G13: Pass | J13: La Thuận Phát
A14: TC03 | B14: Bảo lưu form khi thu nhỏ/chuyển tab | C14: 1. Điền data vào form. 2. Chuyển sang tab khác rồi quay lại tab hiện tại. | D14: Dữ liệu đã nhập trên form vẫn được giữ nguyên. | F14: 46175 | G14: Pass | J14: La Thuận Phát
A15: TC04 | B15: Responsive UI trên Mobile/Tablet | C15: 1. Dùng Chrome DevTools mở chế độ Mobile (iPhone/iPad). 2. Kiểm tra hiển thị. | D15: Form không bị vỡ layout, các ô input và nút bấm vừa vặn màn hình. | F15: 46175 | G15: Fail | H15: Form bị vỡ layout, nút bấm không hiển thị | I15: BUG1_ThanhToan | J15: La Thuận Phát
A16: TC05 | B16: Focus tự động vào ô báo lỗi | C16: 1. Cố tình bỏ trống form. 2. Bấm btn 'Đặt hàng'. | D16: Màn hình tự động cuộn lên và trỏ chuột focus vào ô bị lỗi đầu tiên. | F16: 46175 | G16: Pass | J16: La Thuận Phát
A17: TC06 | B17: Hiển thị placeholder/tooltip | C17: 1. Click vào từng ô input trên form. | D17: Hiển thị rõ text mờ hướng dẫn bên trong ô (VD: Nhập số điện thoại...). | F17: 46175 | G17: Pass | J17: La Thuận Phát
A18: TC07 | B18: Hiển thị text thông báo lỗi | C18: 1. Nhập sai định dạng các trường. 2. Bấm btn 'Đặt hàng'. | D18: Text báo lỗi xuất hiện bên dưới input, có màu đỏ để dễ nhận biết. | F18: 46175 | G18: Pass | J18: La Thuận Phát
A19: TC08 | B19: Điều hướng form bằng phím Tab | C19: 1. Trỏ chuột vào ô đầu tiên. 2. Bấm phím Tab liên tục. | D19: Con trỏ nhảy đúng thứ tự tuần tự từ trên xuống dưới, trái qua phải. | F19: 46175 | G19: Pass | J19: La Thuận Phát
A20: TC09 | B20: Font chữ và độ tương phản | C20: 1. Truy cập trang bằng nhiều thiết bị/màn hình. | D20: Chữ rõ nét, màu chữ và màu nền tương phản tốt, không bị chìm. | F20: 46175 | G20: Pass | J20: La Thuận Phát
A21: Form Validation
A22: TC10 | B22: Check validate bỏ trống form | C22: 1. Bỏ trống toàn bộ các field trong form. 2. Bấm btn 'Đặt hàng'. | D22: Hiển thị text báo lỗi dưới các field yêu cầu nhập đầy đủ thông tin. | F22: 46175 | G22: Pass | J22: La Thuận Phát
A23: TC11 | B23: Check validate SĐT chứa chữ cái | C23: 1. Nhập SĐT chứa ký tự chữ. 2. Bấm btn 'Đặt hàng'. | D23: Hiển thị text báo lỗi định dạng SĐT không hợp lệ. | F23: 46175 | G23: Fail | H23: Alert text : Đã thêm vào giỏ hàng! | I23: BUG2_ThanhToan | J23: La Thuận Phát
A24: TC12 | B24: Check validate SĐT sai độ dài | C24: 1. Nhập SĐT có 8 số. 2. Bấm btn 'Đặt hàng'. | D24: Hiển thị text báo lỗi SĐT phải có đủ 10 chữ số. | F24: 46175 | G24: Fail | H24: Không tìm thấy thông báo lỗi: 'SĐT phải có đủ 10 chữ số' trên màn hình hoặc trong validationMessage (Lỗi thực tế nhận được: '' | I24: BUG3_ThanhToan | J24: La Thuận Phát
A25: TC13 | B25: Check validate SĐT không bắt đầu bằng số 0 | C25: 1. Nhập SĐT bắt đầu bằng số khác 0. 2. Bấm btn 'Đặt hàng'. | D25: Hiển thị text báo lỗi SĐT phải bắt đầu bằng số 0. | F25: 46175 | G25: Fail | H25: Không tìm thấy thông báo lỗi: 'SĐT phải bắt đầu bằng số 0' trên màn hình hoặc trong validationMessage (Lỗi thực tế nhận được: '' | I25: BUG4_ThanhToan | J25: La Thuận Phát
A26: TC14 | B26: Check validate Email sai định dạng | C26: 1. Nhập email không có @. 2. Bấm btn 'Đặt hàng'. | D26: Hiển thị text báo lỗi định dạng Email không hợp lệ. | F26: 46175 | G26: Pass | J26: La Thuận Phát
A27: TC15 | B27: Check validate Email vượt quá độ dài | C27: 1. Nhập email dài hơn 255 ký tự. 2. Bấm btn 'Đặt hàng'. | D27: Hiển thị text báo lỗi email vượt quá số ký tự cho phép. | F27: 46175 | G27: Fail | H27: Alert text : Đã thêm vào giỏ hàng! | I27: BUG5_ThanhToan | J27: La Thuận Phát
A28: TC16 | B28: Check validate Email có tiếng Việt | C28: 1. Nhập email chứa ký tự tiếng Việt có dấu. 2. Bấm btn 'Đặt hàng'. | D28: Hiển thị text báo lỗi email không được chứa tiếng Việt có dấu. | F28: 46175 | G28: Pass | J28: La Thuận Phát
A29: TC17 | B29: Check validate Email nhiều ký tự @ | C29: 1. Nhập email chứa nhiều dấu @. 2. Bấm btn 'Đặt hàng'. | D29: Hiển thị text báo lỗi định dạng Email không hợp lệ. | F29: 46175 | G29: Pass | J29: La Thuận Phát
A30: TC18 | B30: Check validate nhập toàn space vào Tên | C30: 1. Nhập khoảng trắng vào field Tên. 2. Bấm btn 'Đặt hàng'. | D30: Hiển thị text báo lỗi không được để trống Họ Tên. | F30: 46175 | G30: Fail | H30: Alert text : Đã thêm vào giỏ hàng! | I30: BUG6_ThanhToan | J30: La Thuận Phát
A31: TC19 | B31: Check validate Họ tên vượt quá độ dài | C31: 1. Nhập tên dài hơn quy định (VD: 100 ký tự). 2. Bấm btn 'Đặt hàng'. | D31: Hiển thị text báo lỗi Họ Tên vượt quá giới hạn ký tự. | F31: 46175 | G31: Fail | H31: Alert text : Đã thêm vào giỏ hàng! | I31: BUG7_ThanhToan | J31: La Thuận Phát
A32: TC20 | B32: Check validate Họ tên có ký tự đặc biệt | C32: 1. Nhập tên chứa @, #, $. 2. Bấm btn 'Đặt hàng'. | D32: Hiển thị text báo lỗi Họ Tên không được chứa ký tự đặc biệt. | F32: 46175 | G32: Fail | H32: Alert text : Đã thêm vào giỏ hàng! | I32: BUG8_ThanhToan | J32: La Thuận Phát
A33: TC21 | B33: Check validate Địa chỉ vượt quá độ dài | C33: 1. Nhập chuỗi địa chỉ cực dài (> 500 ký tự). 2. Bấm btn 'Đặt hàng'. | D33: Hiển thị text báo lỗi Địa chỉ quá dài. | F33: 46175 | G33: Fail | H33: Không tìm thấy thông báo lỗi: 'Địa chỉ quá dài' trên màn hình hoặc trong validationMessage (Lỗi thực tế nhận được: '' | I33: BUG9_ThanhToan | J33: La Thuận Phát
A34: TC22 | B34: Check validate Địa chỉ toàn ký tự đặc biệt | C34: 1. Nhập các ký hiệu đặc biệt vào field Địa chỉ. 2. Bấm btn 'Đặt hàng'. | D34: Hiển thị text báo lỗi Địa chỉ không hợp lệ. | F34: 46175 | G34: Fail | H34: Không tìm thấy thông báo lỗi: 'Địa chỉ không hợp lệ' trên màn hình hoặc trong validationMessage (Lỗi thực tế nhận được: '' | I34: BUG10_ThanhToan | J34: La Thuận Phát
A35: TC23 | B35: Check validate SĐT chứa khoảng trắng | C35: 1. Nhập SĐT chứa khoảng trắng xen kẽ. 2. Bấm btn 'Đặt hàng'. | D35: Hệ thống tự loại bỏ khoảng trắng hoặc hiển thị lỗi yêu cầu nhập sát nhau. | F35: 46175 | G35: Fail | H35: Không tìm thấy thông báo lỗi: 'SĐT không hợp lệ' trên màn hình hoặc trong validationMessage (Lỗi thực tế nhận được: '' | I35: BUG11_ThanhToan | J35: La Thuận Phát
A36: TC24 | B36: Check validate Email thiếu domain | C36: 1. Nhập email kết thúc bằng ký tự '.' . 2. Bấm btn 'Đặt hàng'. | D36: Hiển thị text báo lỗi định dạng Email. | F36: 46175 | G36: Pass | J36: La Thuận Phát
A37: TC25 | B37: Nhập mã giảm giá không tồn tại | C37: 1. Nhập mã sai vào ô Voucher. 2. Bấm btn 'Áp dụng'. | D37: Hiển thị popup/text báo lỗi mã giảm giá không tồn tại. | F37: 46175 | G37: Fail | H37: Trang web không có Voucher. | I37: BUG12_ThanhToan | J37: La Thuận Phát
A38: TC26 | B38: Nhập mã giảm giá đã hết hạn | C38: 1. Nhập mã đã qua hạn dùng. 2. Bấm btn 'Áp dụng'. | D38: Hiển thị text báo lỗi mã giảm giá đã hết hạn hoặc hết lượt. | F38: 46175 | G38: Fail | H38: Trang web không có Voucher. | I38: BUG13_ThanhToan | J38: La Thuận Phát
A39: TC27 | B39: Để trống mã giảm giá và bấm Áp dụng | C39: 1. Để trống field mã giảm giá. 2. Bấm btn 'Áp dụng'. | D39: Hiển thị báo lỗi yêu cầu nhập mã giảm giá. | F39: 46175 | G39: Fail | H39: Trang web không có Voucher. | I39: BUG14_ThanhToan | J39: La Thuận Phát
A40: TC28 | B40: Nhập chữ vào input số lượng | C40: 1. Bôi đen số lượng, nhập chữ cái vào. 2. Click ra ngoài. | D40: Không cho nhập chữ, hệ thống tự động reset lại giá trị là 1. | F40: 46175 | G40: Fail | H40: Trang web không có Voucher. | I40: BUG15_ThanhToan | J40: La Thuận Phát
A41: Functional
A42: TC29 | B42: Đặt hàng COD thành công | C42: 1. Điền data đúng. 2. Chọn Thanh toán khi nhận hàng. 3. Bấm Đặt hàng. | D42: Chuyển hướng sang trang "Đặt hàng thành công", hiển thị mã đơn. | F42: 46175 | G42: Pass | J42: La Thuận Phát
A43: TC30 | B43: Xóa giỏ hàng sau thanh toán | C43: 1. Tạo đơn hàng thành công. 2. Quay về trang chủ, vào lại Giỏ hàng. | D43: Giỏ hàng báo trống (0 sản phẩm). | F43: 46175 | G43: Pass | J43: La Thuận Phát
A44: TC31 | B44: Mua vượt giới hạn Tồn kho | C44: 1. Nhập số lượng mua lớn hơn tồn kho. 2. Tiến hành Checkout. | D44: Hệ thống chặn lại và báo lỗi sản phẩm không đủ trong kho. | F44: 46175 | G44: Pass | J44: La Thuận Phát
A45: TC32 | B45: Tính Subtotal (1 Sản phẩm) | C45: 1. Thêm 1 sản phẩm, nhập số lượng 2. 2. Xem màn hình Checkout. | D45: Dòng Tạm tính (Subtotal) = Giá bán x 2 (chính xác). | F45: 46175 | G45: Pass | J45: La Thuận Phát
A46: TC33 | B46: Tính Subtotal (Nhiều Sản phẩm) | C46: 1. Thêm 3 sản phẩm khác nhau vào giỏ. 2. Xem màn Checkout. | D46: Tạm tính = Tổng tiền cộng dồn của 3 sản phẩm. | F46: 46175 | G46: Pass | J46: La Thuận Phát
A47: TC34 | B47: Ràng buộc Giá Bán | C47: 1. F12 (Inspect) sửa HTML giá trị thành 1 VND. 2. Bấm Đặt hàng. | D47: API từ chối request, báo lỗi sai lệch dữ liệu giá bán. | F47: 46175 | G47: Fail | H47: Không tìm thấy đơn hàng vừa đặt trong database | I47: BUG16_ThanhToan | J47: La Thuận Phát
A48: TC35 | B48: Tính phí vận chuyển (Shipping fee) | C48: 1. Ở ô Địa chỉ, chọn Tỉnh/Thành khác nhau. | D48: Cột Phí vận chuyển tự động cập nhật số tiền tương ứng vùng miền. | F48: 46175 | G48: Fail | H48: Không có chức năng hủy đơn hàng | I48: BUG17_ThanhToan | J48: La Thuận Phát
A49: TC36 | B49: Tính Tổng tiền cuối cùng (Total) | C49: 1. Kiểm tra bảng tóm tắt đơn hàng. | D49: Tổng tiền (Total) = Tạm tính (Subtotal) + Phí vận chuyển. | F49: 46175 | G49: Pass | J49: La Thuận Phát
A50: TC37 | B50: Tính Tổng tiền khi có Voucher | C50: 1. Áp dụng thành công mã giảm 10%. 2. Check Total. | D50: Tổng tiền = (Tạm tính - 10%) + Phí vận chuyển. | F50: 46175 | G50: Fail | H50: Trang web không có Voucher. | I50: BUG18_ThanhToan | J50: La Thuận Phát
A51: TC38 | B51: Thanh toán qua thẻ Visa/Master | C51: 1. Chọn Visa. 2. Nhập thông tin thẻ test. 3. Submit. | D51: Redirect sang màn hình 3D Secure, thanh toán thành công. | F51: 46175 | G51: Fail | H51: Trang web không có thanh toán bằng Vissa. | I51: BUG19_ThanhToan | J51: La Thuận Phát
A52: TC39 | B52: Thanh toán qua Ví MoMo | C52: 1. Chọn MoMo. 2. Bấm Đặt hàng. | D52: Redirect sang trang MoMo, hiện QR Code chuẩn xác. | F52: 46175 | G52: Pass | J52: La Thuận Phát
A53: TC40 | B53: Gửi Email xác nhận đơn hàng | C53: 1. Đặt hàng thành công. 2. Mở hộp thư email cá nhân. | D53: Nhận được email từ hệ thống với chi tiết đơn hàng vừa tạo. | F53: 46175 | G53: Fail | H53: Trang web không có chức năng gửi email. | I53: BUG20_ThanhToan | J53: La Thuận Phát
A54: TC41 | B54: Xem lại chi tiết đơn ở màn Success | C54: 1. Thanh toán xong. 2. Đọc thông tin trên màn hình Thành công. | D54: Hiển thị đúng: Tên, Địa chỉ nhận, Mã đơn hàng, Tổng tiền. | F54: 46175 | G54: Pass | J54: La Thuận Phát
A55: Database & API Functional
A56: TC42 | B56: Trừ Tồn Kho DB (1 SP) | C56: 1. Mua thành công 1 sản phẩm A. 2. Query database kiểm tra. | D56: Số lượng tồn kho sản phẩm A giảm đúng bằng số lượng đã mua. | F56: 46175 | G56: Pass | J56: La Thuận Phát
A57: TC43 | B57: Trừ Tồn Kho DB (Nhiều SP) | C57: 1. Mua thành công 3 SP khác nhau. 2. Query DB kiểm tra. | D57: Tồn kho của cả 3 SP đều giảm chuẩn xác. | F57: 46175 | G57: Pass | J57: La Thuận Phát
A58: TC44 | B58: Lưu thông tin Khách Vãng Lai (Guest) | C58: 1. Mua hàng không cần Login. 2. Hoàn tất đơn. | D58: DB tạo record order và liên kết đúng data thông tin nhập trên form. | F58: 46175 | G58: Pass | J58: La Thuận Phát
A59: TC45 | B59: Cập nhật Status Hủy đơn | C59: 1. User bấm Hủy đơn hàng. 2. Check DB. | D59: Cột Status của đơn hàng chuyển từ 'Pending' sang 'Cancelled'. | F59: 46175 | G59: Pass | J59: La Thuận Phát
A60: TC46 | B60: Hoàn lại tồn kho khi Hủy đơn | C60: 1. Bấm Hủy đơn hàng vừa đặt. 2. Check DB Tồn kho. | D60: Số lượng tồn kho cộng ngược lại đúng bằng số lượng đã hủy. | F60: 46175 | G60: Pass | J60: La Thuận Phát
A61: TC47 | B61: Admin cập nhật trạng thái đơn | C61: 1. Đăng nhập Admin CMS, đổi status đơn sang 'Đang giao'. | D61: DB ghi nhận Status='Shipping', phía user cũng thấy hiển thị tương ứng. | F61: 46175 | G61: Pass | J61: La Thuận Phát
A62: TC48 | B62: Xóa đơn hàng (Soft Delete) | C62: 1. Admin bấm nút xóa đơn hàng rác. 2. Check DB. | D62: Đơn hàng không biến mất mà update cờ is_deleted = 1. | F62: 46175 | G62: Pass | J62: La Thuận Phát
A63: TC49 | B63: Ghi log giao dịch (Transaction Log) | C63: 1. Thanh toán bằng thẻ. 2. Check bảng Transaction_Log. | D63: DB lưu lại đầy đủ Request_ID và Response từ đối tác thanh toán. | F63: 46175 | G63: Pass | J63: La Thuận Phát
A64: TC50 | B64: Lưu trạng thái Failed khi thẻ lỗi | C64: 1. Dùng thẻ test bị từ chối thanh toán. 2. Check DB. | D64: Hệ thống vẫn tạo đơn nhưng Status là 'Payment Failed' hoặc hủy bỏ. | F64: 46175 | G64: Pass | J64: La Thuận Phát
A65: TC51 | B65: Rollback Database khi lỗi server | C65: 1. Tắt DB/simulate crash đúng lúc đang insert order. | D65: Không có dữ liệu thừa bị sinh ra, Tồn kho không bị trừ sai. | F65: 46175 | G65: Pass | J65: La Thuận Phát
A66: Interruption, Browser & Network
A67: TC52 | B67: Double Click nút Đặt hàng | C67: 1. Điền form. 2. Click chuột liên tiếp 5 lần vào nút Đặt hàng. | D67: API chỉ ghi nhận 1 request, chỉ có 1 đơn hàng duy nhất được tạo. | F67: 46175 | G67: Pass | J67: La Thuận Phát
A68: TC53 | B68: Đổi phương thức thanh toán liên tục | C68: 1. Click chọn qua lại giữa COD, MoMo, Visa nhiều lần. 2. Submit. | D68: Hệ thống gửi request với phương thức thanh toán được chọn cuối cùng. | F68: 46175 | G68: Pass | J68: La Thuận Phát
A69: TC54 | B69: Bấm nút Back trình duyệt sau thanh toán | C69: 1. Ở màn hình Thành công, bấm mũi tên Back trên browser. | D69: User bị đá về trang chủ hoặc thông báo đơn đã tạo, không tạo lại đơn mới. | F69: 46175 | G69: Pass | J69: La Thuận Phát
A70: TC55 | B70: Bấm nút Forward trình duyệt | C70: 1. Đang ở Giỏ hàng, bấm Forward tiến tới Checkout. | D70: Nếu giỏ hàng có đồ thì vào được, nếu trống thì bị block ở Giỏ hàng. | F70: 46175 | G70: Pass | J70: La Thuận Phát
A71: TC56 | B71: Đóng trình duyệt đột ngột | C71: 1. Bấm Đặt hàng, màn hình đang quay loading thì nhấn [X] tắt Tab. | D71: Đơn hàng ở DB chuyển trạng thái Cancel hoặc pending timeout. | F71: 46175 | G71: Fail | H71: Đơn hàng duyệt thành công | I71: BUG21_ThanhToan | J71: La Thuận Phát
A72: TC57 | B72: Mất mạng khi đang điền form | C72: 1. Rút dây mạng/tắt Wifi. 2. Bấm Đặt hàng. | D72: Hiển thị thông báo popup/toast "Mất kết nối mạng, vui lòng thử lại". | F72: 46175 | G72: Fail | H72: Đơn hàng duyệt thành công | I72: BUG22_ThanhToan | J72: La Thuận Phát
A73: TC58 | B73: Session Timeout | C73: 1. Mở trang Checkout, treo máy 30 phút. 2. Quay lại bấm Submit. | D73: Hệ thống báo lỗi hết phiên, yêu cầu reload lại trang để lấy giá mới. | F73: 46175 | G73: Pass | J73: La Thuận Phát
A74: TC59 | B74: Thao tác đồng thời trên 2 Tab | C74: 1. Mở Checkout ở Tab 1. 2. Sang Tab 2 xóa sạch giỏ hàng. 3. Về Tab 1 bấm Đặt. | D74: Tab 1 báo lỗi giỏ hàng trống, từ chối tạo đơn. | F74: 46175 | G74: Pass | J74: La Thuận Phát
A75: TC60 | B75: Chủ động xóa Cookies/Session | C75: 1. Nhấn F12 vào Application xóa sạch Session/Cookies. 2. Bấm Đặt. | D75: Hệ thống văng ra trang Login hoặc báo lỗi phiên không hợp lệ. | F75: 46175 | G75: Pass | J75: La Thuận Phát
A76: TC61 | B76: Bấm F5 khi đang gọi API | C76: 1. Bấm Đặt hàng, trong lúc đợi server phản hồi thì nhấn F5. | D76: Không sinh ra 2 đơn hàng trùng lặp, xử lý trạng thái an toàn. | F76: 46175 | G76: Pass | J76: La Thuận Phát
A77: TC62 | B77: Chuyển đổi mạng khi đang tải | C77: 1. Đang bấm Đặt hàng thì tắt Wifi, máy tự nhảy sang 4G. | D77: Trình duyệt retry request hoặc báo lỗi timeout rõ ràng cho user. | F77: 46175 | G77: Pass | J77: La Thuận Phát
A78: Security
A79: TC63 | B79: Test XSS Form Tên | C79: 1. Nhập đoạn script vào trường Tên. 2. Bấm Đặt hàng. | D79: Payload bị hệ thống mã hóa (escape) thành text thường, không có alert bật lên. | F79: 46175 | G79: Pass | J79: La Thuận Phát
A80: TC64 | B80: Test XSS Form Địa chỉ | C80: 1. Nhập đoạn script vào trường Địa chỉ. 2. Bấm Đặt hàng. | D80: Payload bị hệ thống từ chối hoặc mã hóa, an toàn. | F80: 46175 | G80: Pass | J80: La Thuận Phát
A81: TC65 | B81: Test SQL Injection Form | C81: 1. Nhập payload SQL cơ bản vào các ô input. 2. Submit. | D81: Form validate từ chối hoặc hệ thống xử lý tham số an toàn, không lộ DB. | F81: 46175 | G81: Pass | J81: La Thuận Phát
A82: TC66 | B82: Race Condition (Mua trùng SP) | C82: 1. Kho còn 1 SP. 2. Hai user bấm Checkout ở cùng 1 phần nghìn giây. | D82: Chỉ duy nhất 1 user mua được, user còn lại nhận thông báo "Hết hàng". | F82: 46175 | G82: Pass | J82: La Thuận Phát
A83: TC67 | B83: Bypass IDOR xem đơn người khác | C83: 1. Có được link xem đơn hàng (VD: /order=12). 2. Sửa số 12 thành số khác. | D83: Hệ thống báo lỗi 403 Forbidden, không cho phép xem đơn người khác. | F83: 46175 | G83: Pass | J83: La Thuận Phát
A84: TC68 | B84: Mua SP bị ẩn bằng API | C84: 1. Dùng Postman gọi API đẩy 1 SP đã bị ẩn/xóa vào giỏ. 2. Checkout. | D84: API trả về mã lỗi, từ chối cho phép thanh toán sản phẩm không tồn tại. | F84: 46175 | G84: Fail | I84: BUG23_ThanhToan | J84: La Thuận Phát
A85: TC69 | B85: Stress Test bằng JMeter | C85: 1. Dùng JMeter giả lập 1000 user cùng bấm Đặt hàng 1 lúc. | D85: Server không bị crash (Sập), tỷ lệ lỗi ở mức cho phép, phản hồi ổn định. | F85: 46175 | G85: Pass | J85: La Thuận Phát
A86: TC70 | B86: Test Rate Limiting bằng Postman | C86: 1. Dùng Postman call API tạo đơn hàng liên tục 100 lần/giây. | D86: Trả về HTTP Status 429 Too Many Requests, chặn IP tạm thời. | F86: 46175 | G86: Pass | J86: La Thuận Phát
